wave,source,symbol,tf,setup,H,n_in,net_in,hit_in,n_out,net_out,hit_out,status,mean_in,mean_out,med_out,dd_out,key,param,adf_p,config,half,cycles,gross_mean,cost_mean,net_mean,net_total,hit,ann_dep,maxdd
S01-S13 directional,setup_probe_full.csv,ETHUSDT,15m,S01 sweep-reversal,4.0,2578.0,-0.1305,52.2886,2288.0,-0.119,52.972,dead,,,,,,,,,,,,,,,,,
S01-S13 directional,setup_probe_full.csv,ETHUSDT,15m,S01 sweep-reversal,8.0,2578.0,-0.1545,49.9224,2288.0,-0.1145,54.0647,dead,,,,,,,,,,,,,,,,,
S01-S13 directional,setup_probe_full.csv,ETHUSDT,15m,S01 sweep-reversal,16.0,2578.0,-0.1966,50.5431,2288.0,-0.1036,55.3322,dead,,,,,,,,,,,,,,,,,
S01-S13 directional,setup_probe_full.csv,ETHUSDT,15m,S02 vwap-fade,4.0,5295.0,-0.1516,51.8036,4402.0,-0.1153,53.5438,dead,,,,,,,,,,,,,,,,,
S01-S13 directional,setup_probe_full.csv,ETHUSDT,15m,S02 vwap-fade,8.0,5295.0,-0.1941,50.8215,4402.0,-0.1175,53.9982,dead,,,,,,,,,,,,,,,,,
S01-S13 directional,setup_probe_full.csv,ETHUSDT,15m,S02 vwap-fade,16.0,5295.0,-0.297,49.9339,4401.0,-0.0886,56.01,dead,,,,,,,,,,,,,,,,,
S01-S13 directional,setup_probe_full.csv,ETHUSDT,15m,S03 absorption,4.0,262.0,-0.1123,47.7099,300.0,-0.1335,50.0,dead,,,,,,,,,,,,,,,,,
S01-S13 directional,setup_probe_full.csv,ETHUSDT,15m,S03 absorption,8.0,262.0,-0.1911,47.3282,300.0,-0.2056,45.0,dead,,,,,,,,,,,,,,,,,
S01-S13 directional,setup_probe_full.csv,ETHUSDT,15m,S03 absorption,16.0,262.0,-0.2835,45.0382,300.0,-0.1575,52.0,dead,,,,,,,,,,,,,,,,,
S01-S13 directional,setup_probe_full.csv,ETHUSDT,15m,S04 liq-bounce,4.0,702.0,-0.0372,55.1282,703.0,-0.0895,53.4851,dead,,,,,,,,,,,,,,,,,
S01-S13 directional,setup_probe_full.csv,ETHUSDT,15m,S04 liq-bounce,8.0,702.0,-0.0536,53.5613,703.0,-0.1071,50.9246,dead,,,,,,,,,,,,,,,,,
S01-S13 directional,setup_probe_full.csv,ETHUSDT,15m,S04 liq-bounce,16.0,702.0,-0.0204,52.1368,703.0,-0.097,52.4893,dead,,,,,,,,,,,,,,,,,
S01-S13 directional,setup_probe_full.csv,ETHUSDT,15m,S05 range-fade,4.0,1002.0,-0.1314,52.6946,994.0,-0.1079,56.9416,dead,,,,,,,,,,,,,,,,,
S01-S13 directional,setup_probe_full.csv,ETHUSDT,15m,S05 range-fade,8.0,1002.0,-0.1049,53.1936,994.0,-0.1082,56.7404,dead,,,,,,,,,,,,,,,,,
S01-S13 directional,setup_probe_full.csv,ETHUSDT,15m,S05 range-fade,16.0,1002.0,-0.1617,50.1996,994.0,-0.1403,54.7284,dead,,,,,,,,,,,,,,,,,
S01-S13 directional,setup_probe_full.csv,ETHUSDT,15m,S06 breakout-cont,4.0,741.0,-0.1216,43.9946,675.0,-0.0656,47.1111,dead,,,,,,,,,,,,,,,,,
S01-S13 directional,setup_probe_full.csv,ETHUSDT,15m,S06 breakout-cont,8.0,741.0,-0.1216,46.5587,675.0,-0.059,45.7778,dead,,,,,,,,,,,,,,,,,
S01-S13 directional,setup_probe_full.csv,ETHUSDT,15m,S06 breakout-cont,16.0,741.0,-0.0411,45.3441,674.0,-0.0729,46.5875,dead,,,,,,,,,,,,,,,,,
S01-S13 directional,setup_probe_full.csv,ETHUSDT,15m,S07 failed-breakout,4.0,215.0,-0.059,57.6744,197.0,-0.08,54.3147,dead,,,,,,,,,,,,,,,,,
S01-S13 directional,setup_probe_full.csv,ETHUSDT,15m,S07 failed-breakout,8.0,215.0,-0.0962,54.8837,197.0,0.0561,58.3756,dead,,,,,,,,,,,,,,,,,
S01-S13 directional,setup_probe_full.csv,ETHUSDT,15m,S07 failed-breakout,16.0,215.0,-0.1779,49.3023,197.0,-0.0313,58.8832,dead,,,,,,,,,,,,,,,,,
S01-S13 directional,setup_probe_full.csv,ETHUSDT,15m,S08 oi-purge-bounce,4.0,2650.0,-0.118,51.5094,2507.0,-0.1251,51.057,dead,,,,,,,,,,,,,,,,,
S01-S13 directional,setup_probe_full.csv,ETHUSDT,15m,S08 oi-purge-bounce,8.0,2650.0,-0.0808,51.434,2506.0,-0.1237,51.676,dead,,,,,,,,,,,,,,,,,
S01-S13 directional,setup_probe_full.csv,ETHUSDT,15m,S08 oi-purge-bounce,16.0,2650.0,-0.079,51.6604,2503.0,-0.1725,50.8989,dead,,,,,,,,,,,,,,,,,
S01-S13 directional,setup_probe_full.csv,ETHUSDT,15m,S09 premium-fade,4.0,1365.0,-0.1272,51.1355,1412.0,-0.1192,51.6289,dead,,,,,,,,,,,,,,,,,
S01-S13 directional,setup_probe_full.csv,ETHUSDT,15m,S09 premium-fade,8.0,1365.0,-0.176,48.7179,1412.0,-0.133,49.0793,dead,,,,,,,,,,,,,,,,,
S01-S13 directional,setup_probe_full.csv,ETHUSDT,15m,S09 premium-fade,16.0,1365.0,-0.1693,50.1832,1411.0,-0.114,50.815,dead,,,,,,,,,,,,,,,,,
S01-S13 directional,setup_probe_full.csv,ETHUSDT,15m,S10 delta-diverge,4.0,3473.0,-0.1198,53.1817,3109.0,-0.1093,55.1303,dead,,,,,,,,,,,,,,,,,
S01-S13 directional,setup_probe_full.csv,ETHUSDT,15m,S10 delta-diverge,8.0,3473.0,-0.1437,51.6556,3109.0,-0.103,55.6127,dead,,,,,,,,,,,,,,,,,
S01-S13 directional,setup_probe_full.csv,ETHUSDT,15m,S10 delta-diverge,16.0,3473.0,-0.2131,50.1008,3108.0,-0.1226,55.4376,dead,,,,,,,,,,,,,,,,,
S01-S13 directional,setup_probe_full.csv,ETHUSDT,15m,S11 stophunt-reentry,4.0,1192.0,-0.1383,48.6577,1074.0,-0.1412,50.7449,dead,,,,,,,,,,,,,,,,,
S01-S13 directional,setup_probe_full.csv,ETHUSDT,15m,S11 stophunt-reentry,8.0,1192.0,-0.1477,49.3289,1074.0,-0.1207,51.0242,dead,,,,,,,,,,,,,,,,,
S01-S13 directional,setup_probe_full.csv,ETHUSDT,15m,S11 stophunt-reentry,16.0,1192.0,-0.2112,48.9094,1074.0,-0.0948,52.3277,dead,,,,,,,,,,,,,,,,,
S01-S13 directional,setup_probe_full.csv,ETHUSDT,15m,S12 compress-expand,4.0,408.0,-0.0603,51.2255,629.0,-0.0782,47.0588,dead,,,,,,,,,,,,,,,,,
S01-S13 directional,setup_probe_full.csv,ETHUSDT,15m,S12 compress-expand,8.0,408.0,-0.0347,52.451,629.0,-0.1193,45.31,dead,,,,,,,,,,,,,,,,,
S01-S13 directional,setup_probe_full.csv,ETHUSDT,15m,S12 compress-expand,16.0,408.0,0.0709,50.9804,629.0,-0.1206,47.6948,dead,,,,,,,,,,,,,,,,,
S01-S13 directional,setup_probe_full.csv,ETHUSDT,15m,S13 funding-flip,4.0,180.0,-0.0299,48.8889,202.0,-0.1269,49.505,dead,,,,,,,,,,,,,,,,,
S01-S13 directional,setup_probe_full.csv,ETHUSDT,15m,S13 funding-flip,8.0,180.0,0.0452,49.4444,202.0,-0.0886,49.505,dead,,,,,,,,,,,,,,,,,
S01-S13 directional,setup_probe_full.csv,ETHUSDT,15m,S13 funding-flip,16.0,180.0,0.1896,53.3333,202.0,-0.1338,49.0099,dead,,,,,,,,,,,,,,,,,
S01-S13 directional,setup_probe_full.csv,ETHUSDT,1h,S01 sweep-reversal,4.0,620.0,-0.1472,54.0323,588.0,-0.0394,56.1224,dead,,,,,,,,,,,,,,,,,
S01-S13 directional,setup_probe_full.csv,ETHUSDT,1h,S01 sweep-reversal,8.0,620.0,-0.1756,54.8387,588.0,-0.057,55.6122,dead,,,,,,,,,,,,,,,,,
S01-S13 directional,setup_probe_full.csv,ETHUSDT,1h,S01 sweep-reversal,16.0,620.0,-0.1094,56.9355,587.0,-0.2156,51.2777,dead,,,,,,,,,,,,,,,,,
S01-S13 directional,setup_probe_full.csv,ETHUSDT,1h,S02 vwap-fade,4.0,1320.0,-0.1966,54.0152,1070.0,-0.0582,57.2897,dead,,,,,,,,,,,,,,,,,
S01-S13 directional,setup_probe_full.csv,ETHUSDT,1h,S02 vwap-fade,8.0,1320.0,-0.1503,53.1061,1070.0,-0.028,56.2617,dead,,,,,,,,,,,,,,,,,
S01-S13 directional,setup_probe_full.csv,ETHUSDT,1h,S02 vwap-fade,16.0,1320.0,0.1567,56.4394,1070.0,-0.0119,54.6729,dead,,,,,,,,,,,,,,,,,
S01-S13 directional,setup_probe_full.csv,ETHUSDT,1h,S03 absorption,4.0,62.0,,,68.0,,,insufficient,,,,,,,,,,,,,,,,,
S01-S13 directional,setup_probe_full.csv,ETHUSDT,1h,S03 absorption,8.0,62.0,,,68.0,,,insufficient,,,,,,,,,,,,,,,,,
S01-S13 directional,setup_probe_full.csv,ETHUSDT,1h,S03 absorption,16.0,62.0,,,68.0,,,insufficient,,,,,,,,,,,,,,,,,
S01-S13 directional,setup_probe_full.csv,ETHUSDT,1h,S04 liq-bounce,4.0,196.0,-0.332,45.4082,167.0,0.0205,54.491,dead,,,,,,,,,,,,,,,,,
S01-S13 directional,setup_probe_full.csv,ETHUSDT,1h,S04 liq-bounce,8.0,196.0,-0.5781,43.8776,167.0,0.0404,56.8862,dead,,,,,,,,,,,,,,,,,
S01-S13 directional,setup_probe_full.csv,ETHUSDT,1h,S04 liq-bounce,16.0,196.0,-0.8114,44.898,167.0,-0.124,54.491,dead,,,,,,,,,,,,,,,,,
S01-S13 directional,setup_probe_full.csv,ETHUSDT,1h,S05 range-fade,4.0,231.0,-0.3563,51.9481,189.0,-0.3312,48.6772,dead,,,,,,,,,,,,,,,,,
S01-S13 directional,setup_probe_full.csv,ETHUSDT,1h,S05 range-fade,8.0,231.0,-0.3961,51.0823,189.0,-0.3254,51.3228,dead,,,,,,,,,,,,,,,,,
S01-S13 directional,setup_probe_full.csv,ETHUSDT,1h,S05 range-fade,16.0,231.0,-0.2814,48.9177,186.0,-0.36,53.7634,dead,,,,,,,,,,,,,,,,,
S01-S13 directional,setup_probe_full.csv,ETHUSDT,1h,S06 breakout-cont,4.0,189.0,0.2866,51.8519,181.0,-0.1623,41.989,dead,,,,,,,,,,,,,,,,,
S01-S13 directional,setup_probe_full.csv,ETHUSDT,1h,S06 breakout-cont,8.0,189.0,0.4935,55.5556,181.0,-0.2261,38.674,dead,,,,,,,,,,,,,,,,,
S01-S13 directional,setup_probe_full.csv,ETHUSDT,1h,S06 breakout-cont,16.0,189.0,0.6047,52.9101,181.0,-0.3327,46.4088,dead,,,,,,,,,,,,,,,,,
S01-S13 directional,setup_probe_full.csv,ETHUSDT,1h,S07 failed-breakout,4.0,44.0,,,50.0,,,insufficient,,,,,,,,,,,,,,,,,
S01-S13 directional,setup_probe_full.csv,ETHUSDT,1h,S07 failed-breakout,8.0,44.0,,,50.0,,,insufficient,,,,,,,,,,,,,,,,,
S01-S13 directional,setup_probe_full.csv,ETHUSDT,1h,S07 failed-breakout,16.0,44.0,,,50.0,,,insufficient,,,,,,,,,,,,,,,,,
S01-S13 directional,setup_probe_full.csv,ETHUSDT,1h,S08 oi-purge-bounce,4.0,662.0,-0.0649,52.4169,676.0,-0.1135,56.3609,dead,,,,,,,,,,,,,,,,,
S01-S13 directional,setup_probe_full.csv,ETHUSDT,1h,S08 oi-purge-bounce,8.0,662.0,-0.072,49.0937,676.0,-0.1165,53.9941,dead,,,,,,,,,,,,,,,,,
S01-S13 directional,setup_probe_full.csv,ETHUSDT,1h,S08 oi-purge-bounce,16.0,662.0,0.0437,52.8701,676.0,-0.0928,53.6982,dead,,,,,,,,,,,,,,,,,
S01-S13 directional,setup_probe_full.csv,ETHUSDT,1h,S09 premium-fade,4.0,331.0,-0.1376,48.6405,356.0,-0.0318,52.809,dead,,,,,,,,,,,,,,,,,
S01-S13 directional,setup_probe_full.csv,ETHUSDT,1h,S09 premium-fade,8.0,331.0,-0.1932,50.4532,356.0,-0.1486,50.0,dead,,,,,,,,,,,,,,,,,
S01-S13 directional,setup_probe_full.csv,ETHUSDT,1h,S09 premium-fade,16.0,331.0,-0.5928,48.3384,355.0,-0.1831,49.8592,dead,,,,,,,,,,,,,,,,,
S01-S13 directional,setup_probe_full.csv,ETHUSDT,1h,S10 delta-diverge,4.0,792.0,-0.2376,54.0404,803.0,-0.1432,54.9191,dead,,,,,,,,,,,,,,,,,
S01-S13 directional,setup_probe_full.csv,ETHUSDT,1h,S10 delta-diverge,8.0,792.0,-0.2763,52.2727,803.0,-0.1047,55.1681,dead,,,,,,,,,,,,,,,,,
S01-S13 directional,setup_probe_full.csv,ETHUSDT,1h,S10 delta-diverge,16.0,792.0,-0.1205,53.9141,802.0,-0.1744,53.8653,dead,,,,,,,,,,,,,,,,,
S01-S13 directional,setup_probe_full.csv,ETHUSDT,1h,S11 stophunt-reentry,4.0,281.0,-0.092,55.1601,251.0,-0.0935,54.5817,dead,,,,,,,,,,,,,,,,,
S01-S13 directional,setup_probe_full.csv,ETHUSDT,1h,S11 stophunt-reentry,8.0,281.0,-0.098,54.0925,251.0,-0.0577,53.7849,dead,,,,,,,,,,,,,,,,,
S01-S13 directional,setup_probe_full.csv,ETHUSDT,1h,S11 stophunt-reentry,16.0,281.0,-0.1364,56.2278,250.0,-0.3996,46.8,dead,,,,,,,,,,,,,,,,,
S01-S13 directional,setup_probe_full.csv,ETHUSDT,1h,S12 compress-expand,4.0,173.0,0.0619,50.289,232.0,-0.1238,46.9828,dead,,,,,,,,,,,,,,,,,
S01-S13 directional,setup_probe_full.csv,ETHUSDT,1h,S12 compress-expand,8.0,173.0,0.0449,49.711,232.0,-0.1929,43.5345,dead,,,,,,,,,,,,,,,,,
S01-S13 directional,setup_probe_full.csv,ETHUSDT,1h,S12 compress-expand,16.0,173.0,0.0764,50.289,232.0,-0.1136,46.5517,dead,,,,,,,,,,,,,,,,,
S01-S13 directional,setup_probe_full.csv,ETHUSDT,1h,S13 funding-flip,4.0,180.0,0.1496,52.7778,202.0,-0.1822,44.0594,dead,,,,,,,,,,,,,,,,,
S01-S13 directional,setup_probe_full.csv,ETHUSDT,1h,S13 funding-flip,8.0,180.0,0.1689,57.7778,202.0,-0.2057,47.0297,dead,,,,,,,,,,,,,,,,,
S01-S13 directional,setup_probe_full.csv,ETHUSDT,1h,S13 funding-flip,16.0,180.0,-0.106,50.0,202.0,0.0051,53.4653,dead,,,,,,,,,,,,,,,,,
S01-S13 directional,setup_probe_full.csv,SOLUSDT,15m,S01 sweep-reversal,4.0,2873.0,-0.0979,51.4793,2586.0,-0.1247,51.5468,dead,,,,,,,,,,,,,,,,,
S01-S13 directional,setup_probe_full.csv,SOLUSDT,15m,S01 sweep-reversal,8.0,2873.0,-0.1075,49.8782,2586.0,-0.1064,51.9335,dead,,,,,,,,,,,,,,,,,
S01-S13 directional,setup_probe_full.csv,SOLUSDT,15m,S01 sweep-reversal,16.0,2873.0,-0.1488,48.7992,2586.0,-0.1496,51.4308,dead,,,,,,,,,,,,,,,,,
S01-S13 directional,setup_probe_full.csv,SOLUSDT,15m,S02 vwap-fade,4.0,5295.0,-0.0824,52.2002,3909.0,-0.14,51.2407,dead,,,,,,,,,,,,,,,,,
S01-S13 directional,setup_probe_full.csv,SOLUSDT,15m,S02 vwap-fade,8.0,5295.0,-0.0888,50.7838,3909.0,-0.1593,51.0361,dead,,,,,,,,,,,,,,,,,
S01-S13 directional,setup_probe_full.csv,SOLUSDT,15m,S02 vwap-fade,16.0,5295.0,-0.1653,48.7441,3908.0,-0.1494,53.2497,dead,,,,,,,,,,,,,,,,,
S01-S13 directional,setup_probe_full.csv,SOLUSDT,15m,S03 absorption,4.0,361.0,0.0005,52.3546,438.0,-0.1011,52.7397,dead,,,,,,,,,,,,,,,,,
S01-S13 directional,setup_probe_full.csv,SOLUSDT,15m,S03 absorption,8.0,361.0,-0.0063,54.5706,438.0,-0.0223,52.968,dead,,,,,,,,,,,,,,,,,
S01-S13 directional,setup_probe_full.csv,SOLUSDT,15m,S03 absorption,16.0,361.0,0.0698,48.7535,438.0,-0.0848,52.7397,dead,,,,,,,,,,,,,,,,,
S01-S13 directional,setup_probe_full.csv,SOLUSDT,15m,S04 liq-bounce,4.0,707.0,0.0472,54.5969,539.0,-0.0753,50.0928,dead,,,,,,,,,,,,,,,,,
S01-S13 directional,setup_probe_full.csv,SOLUSDT,15m,S04 liq-bounce,8.0,707.0,-0.0209,50.7779,539.0,-0.0389,50.6494,dead,,,,,,,,,,,,,,,,,
S01-S13 directional,setup_probe_full.csv,SOLUSDT,15m,S04 liq-bounce,16.0,707.0,0.0829,52.4752,539.0,-0.1222,50.6494,dead,,,,,,,,,,,,,,,,,
S01-S13 directional,setup_probe_full.csv,SOLUSDT,15m,S05 range-fade,4.0,1524.0,-0.1112,52.0341,1497.0,-0.1132,55.1102,dead,,,,,,,,,,,,,,,,,
S01-S13 directional,setup_probe_full.csv,SOLUSDT,15m,S05 range-fade,8.0,1524.0,-0.1209,50.6562,1497.0,-0.115,55.511,dead,,,,,,,,,,,,,,,,,
S01-S13 directional,setup_probe_full.csv,SOLUSDT,15m,S05 range-fade,16.0,1524.0,-0.0964,50.5906,1497.0,-0.1391,54.509,dead,,,,,,,,,,,,,,,,,
S01-S13 directional,setup_probe_full.csv,SOLUSDT,15m,S06 breakout-cont,4.0,919.0,-0.1319,45.593,772.0,-0.1444,45.8549,dead,,,,,,,,,,,,,,,,,
S01-S13 directional,setup_probe_full.csv,SOLUSDT,15m,S06 breakout-cont,8.0,919.0,-0.1096,45.8107,772.0,-0.1,45.8549,dead,,,,,,,,,,,,,,,,,
S01-S13 directional,setup_probe_full.csv,SOLUSDT,15m,S06 breakout-cont,16.0,919.0,-0.1006,48.2046,771.0,-0.0734,45.1362,dead,,,,,,,,,,,,,,,,,
S01-S13 directional,setup_probe_full.csv,SOLUSDT,15m,S07 failed-breakout,4.0,304.0,-0.0533,52.9605,261.0,-0.0341,53.2567,dead,,,,,,,,,,,,,,,,,
S01-S13 directional,setup_probe_full.csv,SOLUSDT,15m,S07 failed-breakout,8.0,304.0,-0.0818,53.9474,261.0,-0.0265,54.023,dead,,,,,,,,,,,,,,,,,
S01-S13 directional,setup_probe_full.csv,SOLUSDT,15m,S07 failed-breakout,16.0,304.0,-0.2098,49.0132,261.0,-0.0731,56.705,dead,,,,,,,,,,,,,,,,,
S01-S13 directional,setup_probe_full.csv,SOLUSDT,15m,S08 oi-purge-bounce,4.0,2646.0,-0.1225,50.9826,2768.0,-0.1477,48.9162,dead,,,,,,,,,,,,,,,,,
S01-S13 directional,setup_probe_full.csv,SOLUSDT,15m,S08 oi-purge-bounce,8.0,2646.0,-0.1212,50.1134,2767.0,-0.1853,48.2472,dead,,,,,,,,,,,,,,,,,
S01-S13 directional,setup_probe_full.csv,SOLUSDT,15m,S08 oi-purge-bounce,16.0,2646.0,-0.0919,51.4739,2765.0,-0.223,48.5714,dead,,,,,,,,,,,,,,,,,
S01-S13 directional,setup_probe_full.csv,SOLUSDT,15m,S09 premium-fade,4.0,1489.0,-0.1418,47.6158,1425.0,-0.0712,51.9298,dead,,,,,,,,,,,,,,,,,
S01-S13 directional,setup_probe_full.csv,SOLUSDT,15m,S09 premium-fade,8.0,1489.0,-0.1369,49.0934,1425.0,-0.0635,51.9298,dead,,,,,,,,,,,,,,,,,
S01-S13 directional,setup_probe_full.csv,SOLUSDT,15m,S09 premium-fade,16.0,1489.0,-0.1315,48.2874,1425.0,0.007,53.6842,dead,,,,,,,,,,,,,,,,,
S01-S13 directional,setup_probe_full.csv,SOLUSDT,15m,S10 delta-diverge,4.0,3713.0,-0.0914,52.599,3392.0,-0.1401,52.5354,dead,,,,,,,,,,,,,,,,,
S01-S13 directional,setup_probe_full.csv,SOLUSDT,15m,S10 delta-diverge,8.0,3713.0,-0.0919,51.0908,3392.0,-0.1528,53.066,dead,,,,,,,,,,,,,,,,,
S01-S13 directional,setup_probe_full.csv,SOLUSDT,15m,S10 delta-diverge,16.0,3713.0,-0.1314,49.5018,3392.0,-0.1732,51.533,dead,,,,,,,,,,,,,,,,,
S01-S13 directional,setup_probe_full.csv,SOLUSDT,15m,S11 stophunt-reentry,4.0,1437.0,-0.1148,48.991,1204.0,-0.1286,49.0864,dead,,,,,,,,,,,,,,,,,
S01-S13 directional,setup_probe_full.csv,SOLUSDT,15m,S11 stophunt-reentry,8.0,1437.0,-0.1443,47.7383,1204.0,-0.1203,48.9203,dead,,,,,,,,,,,,,,,,,
S01-S13 directional,setup_probe_full.csv,SOLUSDT,15m,S11 stophunt-reentry,16.0,1437.0,-0.1738,47.2512,1204.0,-0.1115,50.1661,dead,,,,,,,,,,,,,,,,,
S01-S13 directional,setup_probe_full.csv,SOLUSDT,15m,S12 compress-expand,4.0,471.0,-0.0539,53.9278,735.0,-0.0893,44.4898,dead,,,,,,,,,,,,,,,,,
S01-S13 directional,setup_probe_full.csv,SOLUSDT,15m,S12 compress-expand,8.0,471.0,0.0051,54.1401,735.0,-0.1418,45.7143,dead,,,,,,,,,,,,,,,,,
S01-S13 directional,setup_probe_full.csv,SOLUSDT,15m,S12 compress-expand,16.0,471.0,-0.021,53.0786,735.0,-0.2104,46.8027,dead,,,,,,,,,,,,,,,,,
S01-S13 directional,setup_probe_full.csv,SOLUSDT,15m,S13 funding-flip,4.0,255.0,-0.0676,52.1569,252.0,-0.1785,47.2222,dead,,,,,,,,,,,,,,,,,
S01-S13 directional,setup_probe_full.csv,SOLUSDT,15m,S13 funding-flip,8.0,255.0,0.0204,50.1961,252.0,-0.1941,48.8095,dead,,,,,,,,,,,,,,,,,
S01-S13 directional,setup_probe_full.csv,SOLUSDT,15m,S13 funding-flip,16.0,255.0,0.0995,48.6275,252.0,-0.1933,50.0,dead,,,,,,,,,,,,,,,,,
S01-S13 directional,setup_probe_full.csv,SOLUSDT,1h,S01 sweep-reversal,4.0,741.0,-0.207,49.2578,634.0,-0.0365,53.47,dead,,,,,,,,,,,,,,,,,
S01-S13 directional,setup_probe_full.csv,SOLUSDT,1h,S01 sweep-reversal,8.0,741.0,-0.1768,50.4723,634.0,-0.0342,51.5773,dead,,,,,,,,,,,,,,,,,
S01-S13 directional,setup_probe_full.csv,SOLUSDT,1h,S01 sweep-reversal,16.0,741.0,-0.1125,51.6869,633.0,-0.0181,52.1327,dead,,,,,,,,,,,,,,,,,
S01-S13 directional,setup_probe_full.csv,SOLUSDT,1h,S02 vwap-fade,4.0,1320.0,-0.1407,50.6818,824.0,0.0065,58.2524,dead,,,,,,,,,,,,,,,,,
S01-S13 directional,setup_probe_full.csv,SOLUSDT,1h,S02 vwap-fade,8.0,1320.0,-0.1472,50.6061,824.0,0.1393,58.7379,dead,,,,,,,,,,,,,,,,,
S01-S13 directional,setup_probe_full.csv,SOLUSDT,1h,S02 vwap-fade,16.0,1320.0,0.2074,53.1061,824.0,0.1868,52.7913,marginal,,,,,,,,,,,,,,,,,
S01-S13 directional,setup_probe_full.csv,SOLUSDT,1h,S03 absorption,4.0,87.0,,,76.0,,,insufficient,,,,,,,,,,,,,,,,,
S01-S13 directional,setup_probe_full.csv,SOLUSDT,1h,S03 absorption,8.0,87.0,,,76.0,,,insufficient,,,,,,,,,,,,,,,,,
S01-S13 directional,setup_probe_full.csv,SOLUSDT,1h,S03 absorption,16.0,87.0,,,76.0,,,insufficient,,,,,,,,,,,,,,,,,
S01-S13 directional,setup_probe_full.csv,SOLUSDT,1h,S04 liq-bounce,4.0,184.0,0.0805,52.1739,134.0,-0.0623,50.0,dead,,,,,,,,,,,,,,,,,
S01-S13 directional,setup_probe_full.csv,SOLUSDT,1h,S04 liq-bounce,8.0,184.0,-0.0619,48.3696,134.0,-0.1861,50.7463,dead,,,,,,,,,,,,,,,,,
S01-S13 directional,setup_probe_full.csv,SOLUSDT,1h,S04 liq-bounce,16.0,184.0,-0.2295,47.8261,134.0,-0.3871,45.5224,dead,,,,,,,,,,,,,,,,,
S01-S13 directional,setup_probe_full.csv,SOLUSDT,1h,S05 range-fade,4.0,389.0,-0.2847,46.5296,352.0,-0.1678,53.4091,dead,,,,,,,,,,,,,,,,,
S01-S13 directional,setup_probe_full.csv,SOLUSDT,1h,S05 range-fade,8.0,389.0,-0.3689,46.5296,352.0,-0.0868,52.2727,dead,,,,,,,,,,,,,,,,,
S01-S13 directional,setup_probe_full.csv,SOLUSDT,1h,S05 range-fade,16.0,389.0,-0.6797,43.1877,350.0,-0.1202,53.1429,dead,,,,,,,,,,,,,,,,,
S01-S13 directional,setup_probe_full.csv,SOLUSDT,1h,S06 breakout-cont,4.0,231.0,-0.1671,47.619,195.0,-0.2117,41.0256,dead,,,,,,,,,,,,,,,,,
S01-S13 directional,setup_probe_full.csv,SOLUSDT,1h,S06 breakout-cont,8.0,231.0,0.2166,52.8139,195.0,-0.3433,35.8974,dead,,,,,,,,,,,,,,,,,
S01-S13 directional,setup_probe_full.csv,SOLUSDT,1h,S06 breakout-cont,16.0,231.0,0.2605,55.8442,194.0,-0.5577,38.6598,dead,,,,,,,,,,,,,,,,,
S01-S13 directional,setup_probe_full.csv,SOLUSDT,1h,S07 failed-breakout,4.0,77.0,,,64.0,,,insufficient,,,,,,,,,,,,,,,,,
S01-S13 directional,setup_probe_full.csv,SOLUSDT,1h,S07 failed-breakout,8.0,77.0,,,64.0,,,insufficient,,,,,,,,,,,,,,,,,
S01-S13 directional,setup_probe_full.csv,SOLUSDT,1h,S07 failed-breakout,16.0,77.0,,,63.0,,,insufficient,,,,,,,,,,,,,,,,,
S01-S13 directional,setup_probe_full.csv,SOLUSDT,1h,S08 oi-purge-bounce,4.0,662.0,-0.2061,49.0937,702.0,-0.2084,49.1453,dead,,,,,,,,,,,,,,,,,
S01-S13 directional,setup_probe_full.csv,SOLUSDT,1h,S08 oi-purge-bounce,8.0,662.0,-0.2994,46.8278,700.0,-0.245,49.8571,dead,,,,,,,,,,,,,,,,,
S01-S13 directional,setup_probe_full.csv,SOLUSDT,1h,S08 oi-purge-bounce,16.0,662.0,-0.1863,48.6405,700.0,-0.1903,50.7143,dead,,,,,,,,,,,,,,,,,
S01-S13 directional,setup_probe_full.csv,SOLUSDT,1h,S09 premium-fade,4.0,369.0,-0.1184,50.4065,371.0,0.19,59.0296,dead,,,,,,,,,,,,,,,,,
S01-S13 directional,setup_probe_full.csv,SOLUSDT,1h,S09 premium-fade,8.0,369.0,-0.2605,47.6965,371.0,0.2414,56.8733,dead,,,,,,,,,,,,,,,,,
S01-S13 directional,setup_probe_full.csv,SOLUSDT,1h,S09 premium-fade,16.0,369.0,-0.4583,43.0894,369.0,0.1829,54.2005,dead,,,,,,,,,,,,,,,,,
S01-S13 directional,setup_probe_full.csv,SOLUSDT,1h,S10 delta-diverge,4.0,984.0,-0.1454,50.6098,859.0,-0.0607,56.1118,dead,,,,,,,,,,,,,,,,,
S01-S13 directional,setup_probe_full.csv,SOLUSDT,1h,S10 delta-diverge,8.0,984.0,-0.1342,51.5244,859.0,-0.0351,52.9686,dead,,,,,,,,,,,,,,,,,
S01-S13 directional,setup_probe_full.csv,SOLUSDT,1h,S10 delta-diverge,16.0,984.0,0.0534,51.7276,859.0,0.0226,53.6671,marginal,,,,,,,,,,,,,,,,,
S01-S13 directional,setup_probe_full.csv,SOLUSDT,1h,S11 stophunt-reentry,4.0,354.0,-0.2523,46.3277,280.0,0.0034,50.3571,dead,,,,,,,,,,,,,,,,,
S01-S13 directional,setup_probe_full.csv,SOLUSDT,1h,S11 stophunt-reentry,8.0,354.0,-0.2705,49.435,280.0,0.045,51.0714,dead,,,,,,,,,,,,,,,,,
S01-S13 directional,setup_probe_full.csv,SOLUSDT,1h,S11 stophunt-reentry,16.0,354.0,-0.2813,46.6102,279.0,-0.1668,48.7455,dead,,,,,,,,,,,,,,,,,
S01-S13 directional,setup_probe_full.csv,SOLUSDT,1h,S12 compress-expand,4.0,167.0,0.0467,56.2874,285.0,-0.0651,50.1754,dead,,,,,,,,,,,,,,,,,
S01-S13 directional,setup_probe_full.csv,SOLUSDT,1h,S12 compress-expand,8.0,167.0,0.1235,54.491,285.0,-0.2059,45.614,dead,,,,,,,,,,,,,,,,,
S01-S13 directional,setup_probe_full.csv,SOLUSDT,1h,S12 compress-expand,16.0,167.0,0.4799,59.2814,285.0,-0.2242,47.0175,dead,,,,,,,,,,,,,,,,,
S01-S13 directional,setup_probe_full.csv,SOLUSDT,1h,S13 funding-flip,4.0,255.0,-0.053,45.8824,252.0,-0.1409,48.0159,dead,,,,,,,,,,,,,,,,,
S01-S13 directional,setup_probe_full.csv,SOLUSDT,1h,S13 funding-flip,8.0,255.0,-0.1127,46.2745,252.0,-0.1376,48.8095,dead,,,,,,,,,,,,,,,,,
S01-S13 directional,setup_probe_full.csv,SOLUSDT,1h,S13 funding-flip,16.0,255.0,-0.4309,47.451,252.0,-0.3355,46.4286,dead,,,,,,,,,,,,,,,,,
S01-S13 directional,setup_probe_full.csv,DOGEUSDT,15m,S01 sweep-reversal,4.0,2744.0,-0.0981,52.7332,2578.0,-0.1288,52.0559,dead,,,,,,,,,,,,,,,,,
S01-S13 directional,setup_probe_full.csv,DOGEUSDT,15m,S01 sweep-reversal,8.0,2744.0,-0.1206,51.0204,2578.0,-0.1432,50.931,dead,,,,,,,,,,,,,,,,,
S01-S13 directional,setup_probe_full.csv,DOGEUSDT,15m,S01 sweep-reversal,16.0,2744.0,-0.1152,51.2026,2578.0,-0.1708,51.2025,dead,,,,,,,,,,,,,,,,,
S01-S13 directional,setup_probe_full.csv,DOGEUSDT,15m,S02 vwap-fade,4.0,5295.0,-0.1275,52.9556,3243.0,-0.1275,51.8656,dead,,,,,,,,,,,,,,,,,
S01-S13 directional,setup_probe_full.csv,DOGEUSDT,15m,S02 vwap-fade,8.0,5295.0,-0.1293,51.898,3243.0,-0.1571,52.3898,dead,,,,,,,,,,,,,,,,,
S01-S13 directional,setup_probe_full.csv,DOGEUSDT,15m,S02 vwap-fade,16.0,5295.0,-0.216,50.4816,3242.0,-0.2255,53.3621,dead,,,,,,,,,,,,,,,,,
S01-S13 directional,setup_probe_full.csv,DOGEUSDT,15m,S03 absorption,4.0,568.0,-0.1184,50.0,633.0,-0.1225,52.7646,dead,,,,,,,,,,,,,,,,,
S01-S13 directional,setup_probe_full.csv,DOGEUSDT,15m,S03 absorption,8.0,568.0,-0.1373,50.5282,633.0,-0.138,49.6051,dead,,,,,,,,,,,,,,,,,
S01-S13 directional,setup_probe_full.csv,DOGEUSDT,15m,S03 absorption,16.0,568.0,-0.3041,46.6549,633.0,-0.2041,49.1311,dead,,,,,,,,,,,,,,,,,
S01-S13 directional,setup_probe_full.csv,DOGEUSDT,15m,S04 liq-bounce,4.0,688.0,0.044,57.4128,386.0,0.013,53.1088,marginal,,,,,,,,,,,,,,,,,
S01-S13 directional,setup_probe_full.csv,DOGEUSDT,15m,S04 liq-bounce,8.0,688.0,0.1158,55.814,386.0,-0.0401,55.1813,dead,,,,,,,,,,,,,,,,,
S01-S13 directional,setup_probe_full.csv,DOGEUSDT,15m,S04 liq-bounce,16.0,688.0,0.0943,53.343,386.0,-0.0628,55.1813,dead,,,,,,,,,,,,,,,,,
S01-S13 directional,setup_probe_full.csv,DOGEUSDT,15m,S05 range-fade,4.0,1403.0,-0.1247,50.9622,1670.0,-0.1068,53.6527,dead,,,,,,,,,,,,,,,,,
S01-S13 directional,setup_probe_full.csv,DOGEUSDT,15m,S05 range-fade,8.0,1403.0,-0.1362,50.9622,1670.0,-0.1466,50.6587,dead,,,,,,,,,,,,,,,,,
S01-S13 directional,setup_probe_full.csv,DOGEUSDT,15m,S05 range-fade,16.0,1403.0,-0.1309,49.6793,1670.0,-0.1989,48.5629,dead,,,,,,,,,,,,,,,,,
S01-S13 directional,setup_probe_full.csv,DOGEUSDT,15m,S06 breakout-cont,4.0,846.0,-0.119,44.6809,719.0,-0.0588,44.9235,dead,,,,,,,,,,,,,,,,,
S01-S13 directional,setup_probe_full.csv,DOGEUSDT,15m,S06 breakout-cont,8.0,846.0,-0.1729,42.1986,719.0,0.0038,47.7051,dead,,,,,,,,,,,,,,,,,
S01-S13 directional,setup_probe_full.csv,DOGEUSDT,15m,S06 breakout-cont,16.0,846.0,-0.1153,46.3357,719.0,0.1384,46.4534,dead,,,,,,,,,,,,,,,,,
S01-S13 directional,setup_probe_full.csv,DOGEUSDT,15m,S07 failed-breakout,4.0,310.0,-0.1797,52.2581,242.0,-0.121,48.3471,dead,,,,,,,,,,,,,,,,,
S01-S13 directional,setup_probe_full.csv,DOGEUSDT,15m,S07 failed-breakout,8.0,310.0,-0.1867,53.5484,242.0,-0.1679,49.1736,dead,,,,,,,,,,,,,,,,,
S01-S13 directional,setup_probe_full.csv,DOGEUSDT,15m,S07 failed-breakout,16.0,310.0,-0.1502,53.2258,242.0,-0.2235,52.4793,dead,,,,,,,,,,,,,,,,,
S01-S13 directional,setup_probe_full.csv,DOGEUSDT,15m,S08 oi-purge-bounce,4.0,2646.0,-0.0729,51.5873,3022.0,-0.1085,51.1251,dead,,,,,,,,,,,,,,,,,
S01-S13 directional,setup_probe_full.csv,DOGEUSDT,15m,S08 oi-purge-bounce,8.0,2646.0,-0.0302,52.5321,3020.0,-0.1593,49.2053,dead,,,,,,,,,,,,,,,,,
S01-S13 directional,setup_probe_full.csv,DOGEUSDT,15m,S08 oi-purge-bounce,16.0,2646.0,-0.0176,52.9101,3018.0,-0.2091,48.8734,dead,,,,,,,,,,,,,,,,,
S01-S13 directional,setup_probe_full.csv,DOGEUSDT,15m,S09 premium-fade,4.0,1351.0,-0.1341,49.0007,1421.0,-0.1303,51.2315,dead,,,,,,,,,,,,,,,,,
S01-S13 directional,setup_probe_full.csv,DOGEUSDT,15m,S09 premium-fade,8.0,1351.0,-0.1082,48.7787,1421.0,-0.0962,52.3575,dead,,,,,,,,,,,,,,,,,
S01-S13 directional,setup_probe_full.csv,DOGEUSDT,15m,S09 premium-fade,16.0,1351.0,-0.0784,48.6306,1421.0,-0.036,50.5278,dead,,,,,,,,,,,,,,,,,
S01-S13 directional,setup_probe_full.csv,DOGEUSDT,15m,S10 delta-diverge,4.0,3624.0,-0.0947,53.7252,3323.0,-0.1243,53.3554,dead,,,,,,,,,,,,,,,,,
S01-S13 directional,setup_probe_full.csv,DOGEUSDT,15m,S10 delta-diverge,8.0,3624.0,-0.0932,52.2075,3323.0,-0.1375,51.3993,dead,,,,,,,,,,,,,,,,,
S01-S13 directional,setup_probe_full.csv,DOGEUSDT,15m,S10 delta-diverge,16.0,3624.0,-0.1228,51.0762,3322.0,-0.2122,49.398,dead,,,,,,,,,,,,,,,,,
S01-S13 directional,setup_probe_full.csv,DOGEUSDT,15m,S11 stophunt-reentry,4.0,1343.0,-0.1215,49.6649,1181.0,-0.1955,46.5707,dead,,,,,,,,,,,,,,,,,
S01-S13 directional,setup_probe_full.csv,DOGEUSDT,15m,S11 stophunt-reentry,8.0,1343.0,-0.1544,50.484,1181.0,-0.1948,46.4014,dead,,,,,,,,,,,,,,,,,
S01-S13 directional,setup_probe_full.csv,DOGEUSDT,15m,S11 stophunt-reentry,16.0,1343.0,-0.1795,48.6969,1180.0,-0.17,48.0508,dead,,,,,,,,,,,,,,,,,
S01-S13 directional,setup_probe_full.csv,DOGEUSDT,15m,S12 compress-expand,4.0,392.0,-0.0364,54.5918,879.0,-0.0769,46.9852,dead,,,,,,,,,,,,,,,,,
S01-S13 directional,setup_probe_full.csv,DOGEUSDT,15m,S12 compress-expand,8.0,392.0,0.0211,53.3163,879.0,-0.1223,46.5301,dead,,,,,,,,,,,,,,,,,
S01-S13 directional,setup_probe_full.csv,DOGEUSDT,15m,S12 compress-expand,16.0,392.0,0.0846,53.8265,878.0,-0.037,50.6834,dead,,,,,,,,,,,,,,,,,
S01-S13 directional,setup_probe_full.csv,DOGEUSDT,15m,S13 funding-flip,4.0,196.0,-0.032,47.9592,274.0,-0.1009,48.5401,dead,,,,,,,,,,,,,,,,,
S01-S13 directional,setup_probe_full.csv,DOGEUSDT,15m,S13 funding-flip,8.0,196.0,0.159,56.6327,274.0,-0.1301,52.1898,dead,,,,,,,,,,,,,,,,,
S01-S13 directional,setup_probe_full.csv,DOGEUSDT,15m,S13 funding-flip,16.0,196.0,0.134,55.6122,274.0,-0.1138,52.9197,dead,,,,,,,,,,,,,,,,,
S01-S13 directional,setup_probe_full.csv,DOGEUSDT,1h,S01 sweep-reversal,4.0,698.0,-0.2919,47.4212,671.0,-0.0664,54.2474,dead,,,,,,,,,,,,,,,,,
S01-S13 directional,setup_probe_full.csv,DOGEUSDT,1h,S01 sweep-reversal,8.0,698.0,-0.3097,50.2865,671.0,0.0492,56.1848,dead,,,,,,,,,,,,,,,,,
S01-S13 directional,setup_probe_full.csv,DOGEUSDT,1h,S01 sweep-reversal,16.0,698.0,-0.3336,49.1404,670.0,0.0996,53.2836,dead,,,,,,,,,,,,,,,,,
S01-S13 directional,setup_probe_full.csv,DOGEUSDT,1h,S02 vwap-fade,4.0,1320.0,-0.0872,52.197,684.0,-0.1354,55.9942,dead,,,,,,,,,,,,,,,,,
S01-S13 directional,setup_probe_full.csv,DOGEUSDT,1h,S02 vwap-fade,8.0,1320.0,-0.0606,51.8182,684.0,0.0667,58.7719,dead,,,,,,,,,,,,,,,,,
S01-S13 directional,setup_probe_full.csv,DOGEUSDT,1h,S02 vwap-fade,16.0,1320.0,0.2255,53.1061,684.0,0.3479,58.0409,PASS,,,,,,,,,,,,,,,,,
S01-S13 directional,setup_probe_full.csv,DOGEUSDT,1h,S03 absorption,4.0,135.0,-0.3719,45.1852,177.0,-0.2854,45.1977,dead,,,,,,,,,,,,,,,,,
S01-S13 directional,setup_probe_full.csv,DOGEUSDT,1h,S03 absorption,8.0,135.0,-0.1224,48.1481,177.0,-0.3807,46.8927,dead,,,,,,,,,,,,,,,,,
S01-S13 directional,setup_probe_full.csv,DOGEUSDT,1h,S03 absorption,16.0,135.0,0.199,54.8148,177.0,0.0691,48.5876,marginal,,,,,,,,,,,,,,,,,
S01-S13 directional,setup_probe_full.csv,DOGEUSDT,1h,S04 liq-bounce,4.0,178.0,0.102,55.618,99.0,,,insufficient,,,,,,,,,,,,,,,,,
S01-S13 directional,setup_probe_full.csv,DOGEUSDT,1h,S04 liq-bounce,8.0,178.0,-0.1424,47.191,99.0,,,insufficient,,,,,,,,,,,,,,,,,
S01-S13 directional,setup_probe_full.csv,DOGEUSDT,1h,S04 liq-bounce,16.0,178.0,-0.1838,48.8764,99.0,,,insufficient,,,,,,,,,,,,,,,,,
S01-S13 directional,setup_probe_full.csv,DOGEUSDT,1h,S05 range-fade,4.0,317.0,-0.2159,48.5804,394.0,-0.2461,52.7919,dead,,,,,,,,,,,,,,,,,
S01-S13 directional,setup_probe_full.csv,DOGEUSDT,1h,S05 range-fade,8.0,317.0,-0.3744,46.0568,394.0,-0.1452,54.8223,dead,,,,,,,,,,,,,,,,,
S01-S13 directional,setup_probe_full.csv,DOGEUSDT,1h,S05 range-fade,16.0,317.0,-0.4469,48.5804,393.0,-0.1183,55.4707,dead,,,,,,,,,,,,,,,,,
S01-S13 directional,setup_probe_full.csv,DOGEUSDT,1h,S06 breakout-cont,4.0,203.0,-0.0698,48.2759,173.0,0.2562,46.8208,dead,,,,,,,,,,,,,,,,,
S01-S13 directional,setup_probe_full.csv,DOGEUSDT,1h,S06 breakout-cont,8.0,203.0,0.2783,52.2167,173.0,0.0877,42.7746,marginal,,,,,,,,,,,,,,,,,
S01-S13 directional,setup_probe_full.csv,DOGEUSDT,1h,S06 breakout-cont,16.0,203.0,0.0424,49.7537,173.0,-0.47,34.6821,dead,,,,,,,,,,,,,,,,,
S01-S13 directional,setup_probe_full.csv,DOGEUSDT,1h,S07 failed-breakout,4.0,66.0,,,59.0,,,insufficient,,,,,,,,,,,,,,,,,
S01-S13 directional,setup_probe_full.csv,DOGEUSDT,1h,S07 failed-breakout,8.0,66.0,,,59.0,,,insufficient,,,,,,,,,,,,,,,,,
S01-S13 directional,setup_probe_full.csv,DOGEUSDT,1h,S07 failed-breakout,16.0,66.0,,,59.0,,,insufficient,,,,,,,,,,,,,,,,,
S01-S13 directional,setup_probe_full.csv,DOGEUSDT,1h,S08 oi-purge-bounce,4.0,662.0,-0.1614,50.6042,850.0,-0.1991,49.4118,dead,,,,,,,,,,,,,,,,,
S01-S13 directional,setup_probe_full.csv,DOGEUSDT,1h,S08 oi-purge-bounce,8.0,662.0,-0.0324,49.0937,850.0,-0.1519,50.4706,dead,,,,,,,,,,,,,,,,,
S01-S13 directional,setup_probe_full.csv,DOGEUSDT,1h,S08 oi-purge-bounce,16.0,662.0,-0.1031,50.9063,849.0,-0.1139,50.6478,dead,,,,,,,,,,,,,,,,,
S01-S13 directional,setup_probe_full.csv,DOGEUSDT,1h,S09 premium-fade,4.0,359.0,0.0167,49.5822,363.0,0.0402,51.7906,marginal,,,,,,,,,,,,,,,,,
S01-S13 directional,setup_probe_full.csv,DOGEUSDT,1h,S09 premium-fade,8.0,359.0,0.3803,54.5961,363.0,0.0093,53.9945,marginal,,,,,,,,,,,,,,,,,
S01-S13 directional,setup_probe_full.csv,DOGEUSDT,1h,S09 premium-fade,16.0,359.0,0.1778,52.6462,361.0,-0.0316,50.1385,dead,,,,,,,,,,,,,,,,,
S01-S13 directional,setup_probe_full.csv,DOGEUSDT,1h,S10 delta-diverge,4.0,960.0,-0.253,48.9583,850.0,-0.214,52.1176,dead,,,,,,,,,,,,,,,,,
S01-S13 directional,setup_probe_full.csv,DOGEUSDT,1h,S10 delta-diverge,8.0,960.0,-0.3051,47.7083,850.0,-0.218,52.9412,dead,,,,,,,,,,,,,,,,,
S01-S13 directional,setup_probe_full.csv,DOGEUSDT,1h,S10 delta-diverge,16.0,960.0,-0.3292,50.1042,850.0,-0.0244,53.2941,dead,,,,,,,,,,,,,,,,,
S01-S13 directional,setup_probe_full.csv,DOGEUSDT,1h,S11 stophunt-reentry,4.0,320.0,-0.3044,46.25,291.0,0.094,60.1375,dead,,,,,,,,,,,,,,,,,
S01-S13 directional,setup_probe_full.csv,DOGEUSDT,1h,S11 stophunt-reentry,8.0,320.0,-0.4164,50.3125,291.0,0.2411,57.0447,dead,,,,,,,,,,,,,,,,,
S01-S13 directional,setup_probe_full.csv,DOGEUSDT,1h,S11 stophunt-reentry,16.0,320.0,-0.339,49.6875,290.0,0.3132,57.2414,dead,,,,,,,,,,,,,,,,,
S01-S13 directional,setup_probe_full.csv,DOGEUSDT,1h,S12 compress-expand,4.0,162.0,-0.0695,43.2099,381.0,-0.1118,47.5066,dead,,,,,,,,,,,,,,,,,
S01-S13 directional,setup_probe_full.csv,DOGEUSDT,1h,S12 compress-expand,8.0,162.0,-0.0074,50.0,380.0,-0.1729,46.0526,dead,,,,,,,,,,,,,,,,,
S01-S13 directional,setup_probe_full.csv,DOGEUSDT,1h,S12 compress-expand,16.0,162.0,0.3913,54.321,378.0,-0.045,49.7354,dead,,,,,,,,,,,,,,,,,
S01-S13 directional,setup_probe_full.csv,DOGEUSDT,1h,S13 funding-flip,4.0,196.0,0.1116,54.5918,274.0,-0.1068,54.3796,dead,,,,,,,,,,,,,,,,,
S01-S13 directional,setup_probe_full.csv,DOGEUSDT,1h,S13 funding-flip,8.0,196.0,0.0187,54.5918,274.0,-0.0673,50.0,dead,,,,,,,,,,,,,,,,,
S01-S13 directional,setup_probe_full.csv,DOGEUSDT,1h,S13 funding-flip,16.0,196.0,-0.1955,47.9592,274.0,-0.1955,45.6204,dead,,,,,,,,,,,,,,,,,
S01-S13 directional,setup_probe_full.csv,AVAXUSDT,15m,S01 sweep-reversal,4.0,3004.0,-0.085,52.7963,2540.0,-0.1165,52.3228,dead,,,,,,,,,,,,,,,,,
S01-S13 directional,setup_probe_full.csv,AVAXUSDT,15m,S01 sweep-reversal,8.0,3004.0,-0.1019,50.7989,2540.0,-0.1345,51.0236,dead,,,,,,,,,,,,,,,,,
S01-S13 directional,setup_probe_full.csv,AVAXUSDT,15m,S01 sweep-reversal,16.0,3004.0,-0.1069,51.3981,2540.0,-0.1509,51.2205,dead,,,,,,,,,,,,,,,,,
S01-S13 directional,setup_probe_full.csv,AVAXUSDT,15m,S02 vwap-fade,4.0,5295.0,-0.1258,51.8414,3225.0,-0.1292,51.3798,dead,,,,,,,,,,,,,,,,,
S01-S13 directional,setup_probe_full.csv,AVAXUSDT,15m,S02 vwap-fade,8.0,5295.0,-0.154,49.9717,3225.0,-0.1522,53.3333,dead,,,,,,,,,,,,,,,,,
S01-S13 directional,setup_probe_full.csv,AVAXUSDT,15m,S02 vwap-fade,16.0,5295.0,-0.2146,49.254,3225.0,-0.1899,52.3721,dead,,,,,,,,,,,,,,,,,
S01-S13 directional,setup_probe_full.csv,AVAXUSDT,15m,S03 absorption,4.0,580.0,-0.0479,52.4138,788.0,-0.1672,47.2081,dead,,,,,,,,,,,,,,,,,
S01-S13 directional,setup_probe_full.csv,AVAXUSDT,15m,S03 absorption,8.0,580.0,-0.0178,52.7586,788.0,-0.2142,47.2081,dead,,,,,,,,,,,,,,,,,
S01-S13 directional,setup_probe_full.csv,AVAXUSDT,15m,S03 absorption,16.0,580.0,-0.0832,50.1724,787.0,-0.2269,50.6989,dead,,,,,,,,,,,,,,,,,
S01-S13 directional,setup_probe_full.csv,AVAXUSDT,15m,S04 liq-bounce,4.0,718.0,-0.1561,51.3928,530.0,-0.1684,49.8113,dead,,,,,,,,,,,,,,,,,
S01-S13 directional,setup_probe_full.csv,AVAXUSDT,15m,S04 liq-bounce,8.0,718.0,-0.1623,49.7214,530.0,-0.1524,49.6226,dead,,,,,,,,,,,,,,,,,
S01-S13 directional,setup_probe_full.csv,AVAXUSDT,15m,S04 liq-bounce,16.0,718.0,0.0352,52.9248,530.0,-0.1422,51.8868,dead,,,,,,,,,,,,,,,,,
S01-S13 directional,setup_probe_full.csv,AVAXUSDT,15m,S05 range-fade,4.0,1635.0,-0.1179,52.5994,2104.0,-0.144,51.5209,dead,,,,,,,,,,,,,,,,,
S01-S13 directional,setup_probe_full.csv,AVAXUSDT,15m,S05 range-fade,8.0,1635.0,-0.0827,53.7003,2104.0,-0.1487,52.3764,dead,,,,,,,,,,,,,,,,,
S01-S13 directional,setup_probe_full.csv,AVAXUSDT,15m,S05 range-fade,16.0,1635.0,-0.0921,52.6606,2104.0,-0.1791,49.7624,dead,,,,,,,,,,,,,,,,,
S01-S13 directional,setup_probe_full.csv,AVAXUSDT,15m,S06 breakout-cont,4.0,1033.0,-0.086,49.758,860.0,-0.0702,46.0465,dead,,,,,,,,,,,,,,,,,
S01-S13 directional,setup_probe_full.csv,AVAXUSDT,15m,S06 breakout-cont,8.0,1033.0,-0.0995,47.7251,860.0,-0.071,43.4884,dead,,,,,,,,,,,,,,,,,
S01-S13 directional,setup_probe_full.csv,AVAXUSDT,15m,S06 breakout-cont,16.0,1033.0,-0.0681,48.4995,860.0,-0.0814,43.1395,dead,,,,,,,,,,,,,,,,,
S01-S13 directional,setup_probe_full.csv,AVAXUSDT,15m,S07 failed-breakout,4.0,400.0,-0.097,52.25,251.0,-0.0274,56.5737,dead,,,,,,,,,,,,,,,,,
S01-S13 directional,setup_probe_full.csv,AVAXUSDT,15m,S07 failed-breakout,8.0,400.0,-0.1051,50.0,251.0,-0.0464,56.5737,dead,,,,,,,,,,,,,,,,,
S01-S13 directional,setup_probe_full.csv,AVAXUSDT,15m,S07 failed-breakout,16.0,400.0,-0.159,49.0,251.0,0.0937,61.3546,dead,,,,,,,,,,,,,,,,,
S01-S13 directional,setup_probe_full.csv,AVAXUSDT,15m,S08 oi-purge-bounce,4.0,2641.0,-0.1198,50.5112,4248.0,-0.1295,50.1883,dead,,,,,,,,,,,,,,,,,
S01-S13 directional,setup_probe_full.csv,AVAXUSDT,15m,S08 oi-purge-bounce,8.0,2641.0,-0.091,50.5869,4247.0,-0.1498,49.376,dead,,,,,,,,,,,,,,,,,
S01-S13 directional,setup_probe_full.csv,AVAXUSDT,15m,S08 oi-purge-bounce,16.0,2641.0,-0.1706,49.6782,4247.0,-0.1674,48.5519,dead,,,,,,,,,,,,,,,,,
S01-S13 directional,setup_probe_full.csv,AVAXUSDT,15m,S09 premium-fade,4.0,1335.0,-0.1316,48.3895,1163.0,-0.128,50.8169,dead,,,,,,,,,,,,,,,,,
S01-S13 directional,setup_probe_full.csv,AVAXUSDT,15m,S09 premium-fade,8.0,1335.0,-0.1192,48.9139,1163.0,-0.1449,54.6002,dead,,,,,,,,,,,,,,,,,
S01-S13 directional,setup_probe_full.csv,AVAXUSDT,15m,S09 premium-fade,16.0,1335.0,-0.1001,47.7154,1163.0,-0.1833,52.4506,dead,,,,,,,,,,,,,,,,,
S01-S13 directional,setup_probe_full.csv,AVAXUSDT,15m,S10 delta-diverge,4.0,3883.0,-0.1095,52.0474,3369.0,-0.1359,52.152,dead,,,,,,,,,,,,,,,,,
S01-S13 directional,setup_probe_full.csv,AVAXUSDT,15m,S10 delta-diverge,8.0,3883.0,-0.0957,51.7641,3369.0,-0.159,52.5378,dead,,,,,,,,,,,,,,,,,
S01-S13 directional,setup_probe_full.csv,AVAXUSDT,15m,S10 delta-diverge,16.0,3883.0,-0.1231,50.5022,3368.0,-0.2061,51.0986,dead,,,,,,,,,,,,,,,,,
S01-S13 directional,setup_probe_full.csv,AVAXUSDT,15m,S11 stophunt-reentry,4.0,1516.0,-0.0854,52.6385,1203.0,-0.1175,51.0391,dead,,,,,,,,,,,,,,,,,
S01-S13 directional,setup_probe_full.csv,AVAXUSDT,15m,S11 stophunt-reentry,8.0,1516.0,-0.0494,52.2427,1203.0,-0.1322,49.2934,dead,,,,,,,,,,,,,,,,,
S01-S13 directional,setup_probe_full.csv,AVAXUSDT,15m,S11 stophunt-reentry,16.0,1516.0,-0.1001,51.4512,1203.0,-0.1097,47.7972,dead,,,,,,,,,,,,,,,,,
S01-S13 directional,setup_probe_full.csv,AVAXUSDT,15m,S12 compress-expand,4.0,493.0,-0.0832,48.8844,1065.0,-0.0243,47.9812,dead,,,,,,,,,,,,,,,,,
S01-S13 directional,setup_probe_full.csv,AVAXUSDT,15m,S12 compress-expand,8.0,493.0,-0.0809,50.1014,1065.0,0.0128,48.5446,dead,,,,,,,,,,,,,,,,,
S01-S13 directional,setup_probe_full.csv,AVAXUSDT,15m,S12 compress-expand,16.0,493.0,-0.1478,46.0446,1064.0,0.0278,49.0602,dead,,,,,,,,,,,,,,,,,
S01-S13 directional,setup_probe_full.csv,AVAXUSDT,15m,S13 funding-flip,4.0,195.0,-0.0341,49.2308,283.0,-0.1273,47.3498,dead,,,,,,,,,,,,,,,,,
S01-S13 directional,setup_probe_full.csv,AVAXUSDT,15m,S13 funding-flip,8.0,195.0,-0.0295,52.3077,283.0,-0.1244,46.9965,dead,,,,,,,,,,,,,,,,,
S01-S13 directional,setup_probe_full.csv,AVAXUSDT,15m,S13 funding-flip,16.0,195.0,0.0344,51.2821,283.0,-0.1634,45.583,dead,,,,,,,,,,,,,,,,,
S01-S13 directional,setup_probe_full.csv,AVAXUSDT,1h,S01 sweep-reversal,4.0,798.0,-0.2193,48.1203,639.0,-0.016,56.964,dead,,,,,,,,,,,,,,,,,
S01-S13 directional,setup_probe_full.csv,AVAXUSDT,1h,S01 sweep-reversal,8.0,798.0,-0.3249,48.3709,639.0,-0.0193,57.1205,dead,,,,,,,,,,,,,,,,,
S01-S13 directional,setup_probe_full.csv,AVAXUSDT,1h,S01 sweep-reversal,16.0,798.0,-0.2319,48.8722,638.0,-0.1513,52.0376,dead,,,,,,,,,,,,,,,,,
S01-S13 directional,setup_probe_full.csv,AVAXUSDT,1h,S02 vwap-fade,4.0,1320.0,-0.0997,51.4394,637.0,-0.0469,58.0848,dead,,,,,,,,,,,,,,,,,
S01-S13 directional,setup_probe_full.csv,AVAXUSDT,1h,S02 vwap-fade,8.0,1320.0,-0.0791,51.2121,637.0,0.2113,60.1256,dead,,,,,,,,,,,,,,,,,
S01-S13 directional,setup_probe_full.csv,AVAXUSDT,1h,S02 vwap-fade,16.0,1320.0,0.1823,54.7727,637.0,0.4012,58.0848,PASS,,,,,,,,,,,,,,,,,
S01-S13 directional,setup_probe_full.csv,AVAXUSDT,1h,S03 absorption,4.0,157.0,-0.1125,52.2293,207.0,0.0171,50.2415,dead,,,,,,,,,,,,,,,,,
S01-S13 directional,setup_probe_full.csv,AVAXUSDT,1h,S03 absorption,8.0,157.0,-0.1546,45.2229,207.0,0.2052,52.1739,dead,,,,,,,,,,,,,,,,,
S01-S13 directional,setup_probe_full.csv,AVAXUSDT,1h,S03 absorption,16.0,157.0,-0.2361,55.414,207.0,0.3233,50.2415,dead,,,,,,,,,,,,,,,,,
S01-S13 directional,setup_probe_full.csv,AVAXUSDT,1h,S04 liq-bounce,4.0,171.0,-0.1688,49.7076,132.0,-0.05,50.0,dead,,,,,,,,,,,,,,,,,
S01-S13 directional,setup_probe_full.csv,AVAXUSDT,1h,S04 liq-bounce,8.0,171.0,-0.2874,46.1988,132.0,-0.2254,46.9697,dead,,,,,,,,,,,,,,,,,
S01-S13 directional,setup_probe_full.csv,AVAXUSDT,1h,S04 liq-bounce,16.0,171.0,-0.4129,42.1053,132.0,-0.2645,48.4848,dead,,,,,,,,,,,,,,,,,
S01-S13 directional,setup_probe_full.csv,AVAXUSDT,1h,S05 range-fade,4.0,420.0,-0.2291,46.4286,472.0,-0.1164,52.9661,dead,,,,,,,,,,,,,,,,,
S01-S13 directional,setup_probe_full.csv,AVAXUSDT,1h,S05 range-fade,8.0,420.0,-0.4447,41.1905,472.0,-0.083,54.0254,dead,,,,,,,,,,,,,,,,,
S01-S13 directional,setup_probe_full.csv,AVAXUSDT,1h,S05 range-fade,16.0,420.0,-0.3655,44.7619,469.0,-0.1522,56.0768,dead,,,,,,,,,,,,,,,,,
S01-S13 directional,setup_probe_full.csv,AVAXUSDT,1h,S06 breakout-cont,4.0,231.0,-0.0164,49.7835,179.0,0.0053,43.5754,dead,,,,,,,,,,,,,,,,,
S01-S13 directional,setup_probe_full.csv,AVAXUSDT,1h,S06 breakout-cont,8.0,231.0,0.1863,53.2468,179.0,-0.0611,41.8994,dead,,,,,,,,,,,,,,,,,
S01-S13 directional,setup_probe_full.csv,AVAXUSDT,1h,S06 breakout-cont,16.0,231.0,0.2351,50.6494,179.0,-0.0519,41.8994,dead,,,,,,,,,,,,,,,,,
S01-S13 directional,setup_probe_full.csv,AVAXUSDT,1h,S07 failed-breakout,4.0,94.0,,,57.0,,,insufficient,,,,,,,,,,,,,,,,,
S01-S13 directional,setup_probe_full.csv,AVAXUSDT,1h,S07 failed-breakout,8.0,94.0,,,57.0,,,insufficient,,,,,,,,,,,,,,,,,
S01-S13 directional,setup_probe_full.csv,AVAXUSDT,1h,S07 failed-breakout,16.0,94.0,,,57.0,,,insufficient,,,,,,,,,,,,,,,,,
S01-S13 directional,setup_probe_full.csv,AVAXUSDT,1h,S08 oi-purge-bounce,4.0,662.0,-0.3554,46.2236,1131.0,-0.1285,50.0442,dead,,,,,,,,,,,,,,,,,
S01-S13 directional,setup_probe_full.csv,AVAXUSDT,1h,S08 oi-purge-bounce,8.0,662.0,-0.3916,46.5257,1130.0,-0.0695,51.1504,dead,,,,,,,,,,,,,,,,,
S01-S13 directional,setup_probe_full.csv,AVAXUSDT,1h,S08 oi-purge-bounce,16.0,662.0,-0.3241,47.432,1128.0,-0.2096,47.8723,dead,,,,,,,,,,,,,,,,,
S01-S13 directional,setup_probe_full.csv,AVAXUSDT,1h,S09 premium-fade,4.0,326.0,-0.1963,46.6258,263.0,-0.0618,54.7529,dead,,,,,,,,,,,,,,,,,
S01-S13 directional,setup_probe_full.csv,AVAXUSDT,1h,S09 premium-fade,8.0,326.0,-0.2842,48.773,263.0,-0.0774,53.6122,dead,,,,,,,,,,,,,,,,,
S01-S13 directional,setup_probe_full.csv,AVAXUSDT,1h,S09 premium-fade,16.0,326.0,-0.3345,45.7055,262.0,-0.2853,50.0,dead,,,,,,,,,,,,,,,,,
S01-S13 directional,setup_probe_full.csv,AVAXUSDT,1h,S10 delta-diverge,4.0,1029.0,-0.163,51.2148,818.0,-0.0651,55.1345,dead,,,,,,,,,,,,,,,,,
S01-S13 directional,setup_probe_full.csv,AVAXUSDT,1h,S10 delta-diverge,8.0,1029.0,-0.31,46.1613,817.0,-0.1327,53.7332,dead,,,,,,,,,,,,,,,,,
S01-S13 directional,setup_probe_full.csv,AVAXUSDT,1h,S10 delta-diverge,16.0,1029.0,-0.0698,50.4373,814.0,-0.1328,54.5455,dead,,,,,,,,,,,,,,,,,
S01-S13 directional,setup_probe_full.csv,AVAXUSDT,1h,S11 stophunt-reentry,4.0,410.0,-0.4367,44.3902,305.0,0.0217,53.7705,dead,,,,,,,,,,,,,,,,,
S01-S13 directional,setup_probe_full.csv,AVAXUSDT,1h,S11 stophunt-reentry,8.0,410.0,-0.3426,46.8293,305.0,-0.0751,50.1639,dead,,,,,,,,,,,,,,,,,
S01-S13 directional,setup_probe_full.csv,AVAXUSDT,1h,S11 stophunt-reentry,16.0,410.0,-0.3497,47.3171,304.0,-0.2228,49.0132,dead,,,,,,,,,,,,,,,,,
S01-S13 directional,setup_probe_full.csv,AVAXUSDT,1h,S12 compress-expand,4.0,183.0,0.0324,47.541,401.0,-0.1189,46.8828,dead,,,,,,,,,,,,,,,,,
S01-S13 directional,setup_probe_full.csv,AVAXUSDT,1h,S12 compress-expand,8.0,183.0,0.0851,51.9126,401.0,-0.1509,43.1421,dead,,,,,,,,,,,,,,,,,
S01-S13 directional,setup_probe_full.csv,AVAXUSDT,1h,S12 compress-expand,16.0,183.0,0.1047,50.2732,399.0,-0.0209,47.8697,dead,,,,,,,,,,,,,,,,,
S01-S13 directional,setup_probe_full.csv,AVAXUSDT,1h,S13 funding-flip,4.0,195.0,-0.0514,45.1282,283.0,-0.1377,47.7032,dead,,,,,,,,,,,,,,,,,
S01-S13 directional,setup_probe_full.csv,AVAXUSDT,1h,S13 funding-flip,8.0,195.0,0.0937,57.4359,283.0,-0.226,44.523,dead,,,,,,,,,,,,,,,,,
S01-S13 directional,setup_probe_full.csv,AVAXUSDT,1h,S13 funding-flip,16.0,195.0,-0.0656,48.2051,283.0,-0.1852,47.3498,dead,,,,,,,,,,,,,,,,,
S01-S13 directional,setup_probe_full.csv,LINKUSDT,15m,S01 sweep-reversal,4.0,3095.0,-0.0944,53.7964,2720.0,-0.1159,53.3088,dead,,,,,,,,,,,,,,,,,
S01-S13 directional,setup_probe_full.csv,LINKUSDT,15m,S01 sweep-reversal,8.0,3095.0,-0.1045,50.9532,2720.0,-0.1297,52.1324,dead,,,,,,,,,,,,,,,,,
S01-S13 directional,setup_probe_full.csv,LINKUSDT,15m,S01 sweep-reversal,16.0,3095.0,-0.1145,49.8546,2720.0,-0.1606,50.5147,dead,,,,,,,,,,,,,,,,,
S01-S13 directional,setup_probe_full.csv,LINKUSDT,15m,S02 vwap-fade,4.0,5295.0,-0.1224,52.0869,3115.0,-0.1438,53.8363,dead,,,,,,,,,,,,,,,,,
S01-S13 directional,setup_probe_full.csv,LINKUSDT,15m,S02 vwap-fade,8.0,5295.0,-0.1217,51.5014,3115.0,-0.1379,53.8363,dead,,,,,,,,,,,,,,,,,
S01-S13 directional,setup_probe_full.csv,LINKUSDT,15m,S02 vwap-fade,16.0,5295.0,-0.1656,49.8395,3115.0,-0.1337,55.5377,dead,,,,,,,,,,,,,,,,,
S01-S13 directional,setup_probe_full.csv,LINKUSDT,15m,S03 absorption,4.0,664.0,-0.0855,52.7108,494.0,-0.0462,51.6194,dead,,,,,,,,,,,,,,,,,
S01-S13 directional,setup_probe_full.csv,LINKUSDT,15m,S03 absorption,8.0,664.0,-0.0675,51.506,494.0,-0.1626,51.0121,dead,,,,,,,,,,,,,,,,,
S01-S13 directional,setup_probe_full.csv,LINKUSDT,15m,S03 absorption,16.0,664.0,-0.0527,52.4096,494.0,-0.0904,51.0121,dead,,,,,,,,,,,,,,,,,
S01-S13 directional,setup_probe_full.csv,LINKUSDT,15m,S04 liq-bounce,4.0,704.0,0.0302,54.5455,393.0,-0.1782,50.3817,dead,,,,,,,,,,,,,,,,,
S01-S13 directional,setup_probe_full.csv,LINKUSDT,15m,S04 liq-bounce,8.0,704.0,0.0067,54.1193,393.0,-0.1282,52.1628,dead,,,,,,,,,,,,,,,,,
S01-S13 directional,setup_probe_full.csv,LINKUSDT,15m,S04 liq-bounce,16.0,704.0,0.0669,52.8409,393.0,-0.166,51.9084,dead,,,,,,,,,,,,,,,,,
S01-S13 directional,setup_probe_full.csv,LINKUSDT,15m,S05 range-fade,4.0,1728.0,-0.093,53.8194,2042.0,-0.0956,55.24,dead,,,,,,,,,,,,,,,,,
S01-S13 directional,setup_probe_full.csv,LINKUSDT,15m,S05 range-fade,8.0,1728.0,-0.0946,50.9259,2042.0,-0.1182,54.1136,dead,,,,,,,,,,,,,,,,,
S01-S13 directional,setup_probe_full.csv,LINKUSDT,15m,S05 range-fade,16.0,1728.0,-0.0448,50.5787,2042.0,-0.1196,52.1548,dead,,,,,,,,,,,,,,,,,
S01-S13 directional,setup_probe_full.csv,LINKUSDT,15m,S06 breakout-cont,4.0,967.0,-0.0912,46.7425,769.0,-0.041,47.4642,dead,,,,,,,,,,,,,,,,,
S01-S13 directional,setup_probe_full.csv,LINKUSDT,15m,S06 breakout-cont,8.0,967.0,-0.1484,44.1572,769.0,-0.0029,47.5943,dead,,,,,,,,,,,,,,,,,
S01-S13 directional,setup_probe_full.csv,LINKUSDT,15m,S06 breakout-cont,16.0,967.0,-0.0666,47.1562,769.0,0.0706,47.5943,dead,,,,,,,,,,,,,,,,,
S01-S13 directional,setup_probe_full.csv,LINKUSDT,15m,S07 failed-breakout,4.0,358.0,-0.1629,51.1173,284.0,-0.1756,51.0563,dead,,,,,,,,,,,,,,,,,
S01-S13 directional,setup_probe_full.csv,LINKUSDT,15m,S07 failed-breakout,8.0,358.0,-0.1762,53.352,284.0,-0.1406,51.0563,dead,,,,,,,,,,,,,,,,,
S01-S13 directional,setup_probe_full.csv,LINKUSDT,15m,S07 failed-breakout,16.0,358.0,-0.273,47.486,284.0,-0.2086,52.4648,dead,,,,,,,,,,,,,,,,,
S01-S13 directional,setup_probe_full.csv,LINKUSDT,15m,S08 oi-purge-bounce,4.0,2645.0,-0.1055,50.4348,2141.0,-0.111,51.5647,dead,,,,,,,,,,,,,,,,,
S01-S13 directional,setup_probe_full.csv,LINKUSDT,15m,S08 oi-purge-bounce,8.0,2645.0,-0.0778,50.5104,2141.0,-0.1664,49.9299,dead,,,,,,,,,,,,,,,,,
S01-S13 directional,setup_probe_full.csv,LINKUSDT,15m,S08 oi-purge-bounce,16.0,2645.0,-0.1308,50.3214,2140.0,-0.1791,50.3738,dead,,,,,,,,,,,,,,,,,
S01-S13 directional,setup_probe_full.csv,LINKUSDT,15m,S09 premium-fade,4.0,1163.0,-0.1728,49.0112,937.0,-0.0962,51.9744,dead,,,,,,,,,,,,,,,,,
S01-S13 directional,setup_probe_full.csv,LINKUSDT,15m,S09 premium-fade,8.0,1163.0,-0.1424,49.6991,937.0,-0.1655,52.0811,dead,,,,,,,,,,,,,,,,,
S01-S13 directional,setup_probe_full.csv,LINKUSDT,15m,S09 premium-fade,16.0,1163.0,-0.0669,51.9347,937.0,-0.2062,51.9744,dead,,,,,,,,,,,,,,,,,
S01-S13 directional,setup_probe_full.csv,LINKUSDT,15m,S10 delta-diverge,4.0,4090.0,-0.1099,52.7139,3646.0,-0.1001,54.4432,dead,,,,,,,,,,,,,,,,,
S01-S13 directional,setup_probe_full.csv,LINKUSDT,15m,S10 delta-diverge,8.0,4090.0,-0.1248,50.709,3646.0,-0.1272,53.401,dead,,,,,,,,,,,,,,,,,
S01-S13 directional,setup_probe_full.csv,LINKUSDT,15m,S10 delta-diverge,16.0,4090.0,-0.119,49.9022,3646.0,-0.1773,51.0422,dead,,,,,,,,,,,,,,,,,
S01-S13 directional,setup_probe_full.csv,LINKUSDT,15m,S11 stophunt-reentry,4.0,1582.0,-0.1261,50.6321,1291.0,-0.1361,49.574,dead,,,,,,,,,,,,,,,,,
S01-S13 directional,setup_probe_full.csv,LINKUSDT,15m,S11 stophunt-reentry,8.0,1582.0,-0.1269,50.4425,1291.0,-0.1459,47.8699,dead,,,,,,,,,,,,,,,,,
S01-S13 directional,setup_probe_full.csv,LINKUSDT,15m,S11 stophunt-reentry,16.0,1582.0,-0.1701,47.0923,1291.0,-0.1129,49.6514,dead,,,,,,,,,,,,,,,,,
S01-S13 directional,setup_probe_full.csv,LINKUSDT,15m,S12 compress-expand,4.0,385.0,-0.1038,48.0519,847.0,-0.0577,47.9339,dead,,,,,,,,,,,,,,,,,
S01-S13 directional,setup_probe_full.csv,LINKUSDT,15m,S12 compress-expand,8.0,385.0,-0.1026,47.5325,847.0,-0.081,47.2255,dead,,,,,,,,,,,,,,,,,
S01-S13 directional,setup_probe_full.csv,LINKUSDT,15m,S12 compress-expand,16.0,385.0,-0.2081,47.7922,846.0,-0.0486,47.8723,dead,,,,,,,,,,,,,,,,,
S01-S13 directional,setup_probe_full.csv,LINKUSDT,15m,S13 funding-flip,4.0,188.0,-0.1543,45.7447,246.0,-0.1191,52.8455,dead,,,,,,,,,,,,,,,,,
S01-S13 directional,setup_probe_full.csv,LINKUSDT,15m,S13 funding-flip,8.0,188.0,-0.0522,48.4043,246.0,-0.1215,54.065,dead,,,,,,,,,,,,,,,,,
S01-S13 directional,setup_probe_full.csv,LINKUSDT,15m,S13 funding-flip,16.0,188.0,-0.0257,48.4043,246.0,-0.1919,50.0,dead,,,,,,,,,,,,,,,,,
S01-S13 directional,setup_probe_full.csv,LINKUSDT,1h,S01 sweep-reversal,4.0,817.0,-0.1559,48.47,707.0,-0.1006,53.8897,dead,,,,,,,,,,,,,,,,,
S01-S13 directional,setup_probe_full.csv,LINKUSDT,1h,S01 sweep-reversal,8.0,817.0,-0.238,47.0012,707.0,-0.0137,52.4752,dead,,,,,,,,,,,,,,,,,
S01-S13 directional,setup_probe_full.csv,LINKUSDT,1h,S01 sweep-reversal,16.0,817.0,-0.1264,49.5716,706.0,0.1302,53.6827,dead,,,,,,,,,,,,,,,,,
S01-S13 directional,setup_probe_full.csv,LINKUSDT,1h,S02 vwap-fade,4.0,1320.0,-0.1583,49.0909,648.0,-0.0855,57.5617,dead,,,,,,,,,,,,,,,,,
S01-S13 directional,setup_probe_full.csv,LINKUSDT,1h,S02 vwap-fade,8.0,1320.0,-0.1378,49.0909,648.0,0.1446,59.8765,dead,,,,,,,,,,,,,,,,,
S01-S13 directional,setup_probe_full.csv,LINKUSDT,1h,S02 vwap-fade,16.0,1320.0,0.0441,49.8485,648.0,0.4277,57.716,PASS,,,,,,,,,,,,,,,,,
S01-S13 directional,setup_probe_full.csv,LINKUSDT,1h,S03 absorption,4.0,196.0,-0.0557,54.5918,149.0,-0.0983,45.6376,dead,,,,,,,,,,,,,,,,,
S01-S13 directional,setup_probe_full.csv,LINKUSDT,1h,S03 absorption,8.0,196.0,-0.3715,48.9796,149.0,-0.0232,48.3221,dead,,,,,,,,,,,,,,,,,
S01-S13 directional,setup_probe_full.csv,LINKUSDT,1h,S03 absorption,16.0,196.0,-0.4338,46.9388,148.0,0.3143,52.7027,dead,,,,,,,,,,,,,,,,,
S01-S13 directional,setup_probe_full.csv,LINKUSDT,1h,S04 liq-bounce,4.0,170.0,-0.0172,50.0,102.0,0.1094,54.902,dead,,,,,,,,,,,,,,,,,
S01-S13 directional,setup_probe_full.csv,LINKUSDT,1h,S04 liq-bounce,8.0,170.0,0.1877,50.5882,102.0,0.0666,54.902,marginal,,,,,,,,,,,,,,,,,
S01-S13 directional,setup_probe_full.csv,LINKUSDT,1h,S04 liq-bounce,16.0,170.0,0.1952,54.7059,102.0,0.0477,55.8824,marginal,,,,,,,,,,,,,,,,,
S01-S13 directional,setup_probe_full.csv,LINKUSDT,1h,S05 range-fade,4.0,420.0,-0.0506,51.1905,454.0,-0.2346,52.4229,dead,,,,,,,,,,,,,,,,,
S01-S13 directional,setup_probe_full.csv,LINKUSDT,1h,S05 range-fade,8.0,420.0,-0.0666,49.2857,454.0,-0.1231,52.2026,dead,,,,,,,,,,,,,,,,,
S01-S13 directional,setup_probe_full.csv,LINKUSDT,1h,S05 range-fade,16.0,420.0,-0.0968,49.2857,452.0,0.0142,54.4248,dead,,,,,,,,,,,,,,,,,
S01-S13 directional,setup_probe_full.csv,LINKUSDT,1h,S06 breakout-cont,4.0,223.0,-0.0092,48.4305,176.0,0.2256,43.75,dead,,,,,,,,,,,,,,,,,
S01-S13 directional,setup_probe_full.csv,LINKUSDT,1h,S06 breakout-cont,8.0,223.0,0.2274,50.6726,176.0,-0.0331,38.6364,dead,,,,,,,,,,,,,,,,,
S01-S13 directional,setup_probe_full.csv,LINKUSDT,1h,S06 breakout-cont,16.0,223.0,0.2756,53.8117,176.0,-0.286,43.75,dead,,,,,,,,,,,,,,,,,
S01-S13 directional,setup_probe_full.csv,LINKUSDT,1h,S07 failed-breakout,4.0,89.0,,,55.0,,,insufficient,,,,,,,,,,,,,,,,,
S01-S13 directional,setup_probe_full.csv,LINKUSDT,1h,S07 failed-breakout,8.0,89.0,,,55.0,,,insufficient,,,,,,,,,,,,,,,,,
S01-S13 directional,setup_probe_full.csv,LINKUSDT,1h,S07 failed-breakout,16.0,89.0,,,55.0,,,insufficient,,,,,,,,,,,,,,,,,
S01-S13 directional,setup_probe_full.csv,LINKUSDT,1h,S08 oi-purge-bounce,4.0,659.0,0.0106,52.0486,547.0,-0.1361,48.8117,dead,,,,,,,,,,,,,,,,,
S01-S13 directional,setup_probe_full.csv,LINKUSDT,1h,S08 oi-purge-bounce,8.0,659.0,0.029,52.2003,546.0,-0.27,48.1685,dead,,,,,,,,,,,,,,,,,
S01-S13 directional,setup_probe_full.csv,LINKUSDT,1h,S08 oi-purge-bounce,16.0,659.0,0.0557,52.352,544.0,0.0133,52.0221,marginal,,,,,,,,,,,,,,,,,
S01-S13 directional,setup_probe_full.csv,LINKUSDT,1h,S09 premium-fade,4.0,271.0,-0.0212,53.1365,199.0,0.0812,56.2814,dead,,,,,,,,,,,,,,,,,
S01-S13 directional,setup_probe_full.csv,LINKUSDT,1h,S09 premium-fade,8.0,271.0,0.1642,53.5055,199.0,-0.1256,51.2563,dead,,,,,,,,,,,,,,,,,
S01-S13 directional,setup_probe_full.csv,LINKUSDT,1h,S09 premium-fade,16.0,271.0,0.2867,54.2435,198.0,-0.1485,54.0404,dead,,,,,,,,,,,,,,,,,
S01-S13 directional,setup_probe_full.csv,LINKUSDT,1h,S10 delta-diverge,4.0,1101.0,-0.0758,50.8629,895.0,-0.0536,55.9777,dead,,,,,,,,,,,,,,,,,
S01-S13 directional,setup_probe_full.csv,LINKUSDT,1h,S10 delta-diverge,8.0,1101.0,-0.096,50.3179,895.0,0.0393,54.9721,dead,,,,,,,,,,,,,,,,,
S01-S13 directional,setup_probe_full.csv,LINKUSDT,1h,S10 delta-diverge,16.0,1101.0,0.0175,51.6803,893.0,0.1826,55.2072,marginal,,,,,,,,,,,,,,,,,
S01-S13 directional,setup_probe_full.csv,LINKUSDT,1h,S11 stophunt-reentry,4.0,417.0,-0.174,47.9616,330.0,0.1822,58.4848,dead,,,,,,,,,,,,,,,,,
S01-S13 directional,setup_probe_full.csv,LINKUSDT,1h,S11 stophunt-reentry,8.0,417.0,-0.2397,47.0024,330.0,0.3162,56.0606,dead,,,,,,,,,,,,,,,,,
S01-S13 directional,setup_probe_full.csv,LINKUSDT,1h,S11 stophunt-reentry,16.0,417.0,-0.2995,46.283,329.0,0.3098,52.8875,dead,,,,,,,,,,,,,,,,,
S01-S13 directional,setup_probe_full.csv,LINKUSDT,1h,S12 compress-expand,4.0,159.0,-0.1378,50.3145,286.0,-0.0353,50.3497,dead,,,,,,,,,,,,,,,,,
S01-S13 directional,setup_probe_full.csv,LINKUSDT,1h,S12 compress-expand,8.0,159.0,-0.1104,52.2013,285.0,-0.0562,49.1228,dead,,,,,,,,,,,,,,,,,
S01-S13 directional,setup_probe_full.csv,LINKUSDT,1h,S12 compress-expand,16.0,159.0,0.0344,49.0566,283.0,-0.0729,50.8834,dead,,,,,,,,,,,,,,,,,
S01-S13 directional,setup_probe_full.csv,LINKUSDT,1h,S13 funding-flip,4.0,188.0,-0.0877,50.0,246.0,-0.2001,50.813,dead,,,,,,,,,,,,,,,,,
S01-S13 directional,setup_probe_full.csv,LINKUSDT,1h,S13 funding-flip,8.0,188.0,-0.0905,51.0638,246.0,-0.0029,52.8455,dead,,,,,,,,,,,,,,,,,
S01-S13 directional,setup_probe_full.csv,LINKUSDT,1h,S13 funding-flip,16.0,188.0,-0.0387,50.5319,246.0,-0.2564,47.1545,dead,,,,,,,,,,,,,,,,,
S01-S13 directional,setup_probe_full.csv,NEARUSDT,15m,S01 sweep-reversal,4.0,2797.0,-0.0663,51.9128,2414.0,-0.0913,49.9171,dead,,,,,,,,,,,,,,,,,
S01-S13 directional,setup_probe_full.csv,NEARUSDT,15m,S01 sweep-reversal,8.0,2797.0,-0.082,51.0189,2414.0,-0.082,50.2486,dead,,,,,,,,,,,,,,,,,
S01-S13 directional,setup_probe_full.csv,NEARUSDT,15m,S01 sweep-reversal,16.0,2797.0,-0.1412,49.0883,2414.0,-0.1034,50.7457,dead,,,,,,,,,,,,,,,,,
S01-S13 directional,setup_probe_full.csv,NEARUSDT,15m,S02 vwap-fade,4.0,5295.0,-0.1121,50.9348,5176.0,-0.0837,50.6569,dead,,,,,,,,,,,,,,,,,
S01-S13 directional,setup_probe_full.csv,NEARUSDT,15m,S02 vwap-fade,8.0,5295.0,-0.111,50.1228,5176.0,-0.1159,52.6275,dead,,,,,,,,,,,,,,,,,
S01-S13 directional,setup_probe_full.csv,NEARUSDT,15m,S02 vwap-fade,16.0,5295.0,-0.1964,49.0652,5176.0,-0.1935,51.1785,dead,,,,,,,,,,,,,,,,,
S01-S13 directional,setup_probe_full.csv,NEARUSDT,15m,S03 absorption,4.0,731.0,-0.1072,49.658,1519.0,-0.1111,49.5063,dead,,,,,,,,,,,,,,,,,
S01-S13 directional,setup_probe_full.csv,NEARUSDT,15m,S03 absorption,8.0,731.0,-0.0607,50.6156,1519.0,-0.1609,49.4404,dead,,,,,,,,,,,,,,,,,
S01-S13 directional,setup_probe_full.csv,NEARUSDT,15m,S03 absorption,16.0,731.0,-0.0558,49.9316,1519.0,-0.0667,50.2962,dead,,,,,,,,,,,,,,,,,
S01-S13 directional,setup_probe_full.csv,NEARUSDT,15m,S04 liq-bounce,4.0,693.0,-0.044,52.5253,1324.0,-0.0488,50.0,dead,,,,,,,,,,,,,,,,,
S01-S13 directional,setup_probe_full.csv,NEARUSDT,15m,S04 liq-bounce,8.0,693.0,-0.1102,51.5152,1324.0,-0.0769,51.5861,dead,,,,,,,,,,,,,,,,,
S01-S13 directional,setup_probe_full.csv,NEARUSDT,15m,S04 liq-bounce,16.0,693.0,-0.0096,52.5253,1324.0,-0.2494,48.8671,dead,,,,,,,,,,,,,,,,,
S01-S13 directional,setup_probe_full.csv,NEARUSDT,15m,S05 range-fade,4.0,1646.0,-0.0731,52.5516,1529.0,-0.0918,52.5834,dead,,,,,,,,,,,,,,,,,
S01-S13 directional,setup_probe_full.csv,NEARUSDT,15m,S05 range-fade,8.0,1646.0,-0.0704,52.0656,1529.0,-0.0829,51.6024,dead,,,,,,,,,,,,,,,,,
S01-S13 directional,setup_probe_full.csv,NEARUSDT,15m,S05 range-fade,16.0,1646.0,-0.0934,50.7898,1529.0,-0.1176,50.1635,dead,,,,,,,,,,,,,,,,,
S01-S13 directional,setup_probe_full.csv,NEARUSDT,15m,S06 breakout-cont,4.0,966.0,-0.1001,48.2402,786.0,-0.1073,45.9288,dead,,,,,,,,,,,,,,,,,
S01-S13 directional,setup_probe_full.csv,NEARUSDT,15m,S06 breakout-cont,8.0,966.0,-0.0979,46.8944,786.0,-0.1086,44.2748,dead,,,,,,,,,,,,,,,,,
S01-S13 directional,setup_probe_full.csv,NEARUSDT,15m,S06 breakout-cont,16.0,966.0,0.012,49.793,786.0,0.0361,45.8015,marginal,,,,,,,,,,,,,,,,,
S01-S13 directional,setup_probe_full.csv,NEARUSDT,15m,S07 failed-breakout,4.0,359.0,-0.1652,50.4178,248.0,-0.1987,46.371,dead,,,,,,,,,,,,,,,,,
S01-S13 directional,setup_probe_full.csv,NEARUSDT,15m,S07 failed-breakout,8.0,359.0,-0.2496,47.6323,248.0,-0.2657,47.1774,dead,,,,,,,,,,,,,,,,,
S01-S13 directional,setup_probe_full.csv,NEARUSDT,15m,S07 failed-breakout,16.0,359.0,-0.3099,46.5181,248.0,-0.318,49.5968,dead,,,,,,,,,,,,,,,,,
S01-S13 directional,setup_probe_full.csv,NEARUSDT,15m,S08 oi-purge-bounce,4.0,2617.0,-0.1093,49.2167,5602.0,-0.0867,49.4288,dead,,,,,,,,,,,,,,,,,
S01-S13 directional,setup_probe_full.csv,NEARUSDT,15m,S08 oi-purge-bounce,8.0,2617.0,-0.0728,50.5159,5602.0,-0.0826,50.1071,dead,,,,,,,,,,,,,,,,,
S01-S13 directional,setup_probe_full.csv,NEARUSDT,15m,S08 oi-purge-bounce,16.0,2617.0,-0.1641,48.7963,5599.0,-0.1017,50.0089,dead,,,,,,,,,,,,,,,,,
S01-S13 directional,setup_probe_full.csv,NEARUSDT,15m,S09 premium-fade,4.0,1151.0,-0.154,46.3944,1055.0,-0.0917,50.0474,dead,,,,,,,,,,,,,,,,,
S01-S13 directional,setup_probe_full.csv,NEARUSDT,15m,S09 premium-fade,8.0,1151.0,-0.1617,46.6551,1055.0,-0.0783,48.91,dead,,,,,,,,,,,,,,,,,
S01-S13 directional,setup_probe_full.csv,NEARUSDT,15m,S09 premium-fade,16.0,1151.0,-0.2164,46.6551,1054.0,-0.1318,47.3435,dead,,,,,,,,,,,,,,,,,
S01-S13 directional,setup_probe_full.csv,NEARUSDT,15m,S10 delta-diverge,4.0,3985.0,-0.0887,52.4216,3532.0,-0.0819,52.2367,dead,,,,,,,,,,,,,,,,,
S01-S13 directional,setup_probe_full.csv,NEARUSDT,15m,S10 delta-diverge,8.0,3985.0,-0.0656,51.3425,3532.0,-0.0895,52.4066,dead,,,,,,,,,,,,,,,,,
S01-S13 directional,setup_probe_full.csv,NEARUSDT,15m,S10 delta-diverge,16.0,3985.0,-0.0882,50.4893,3532.0,-0.1092,51.4156,dead,,,,,,,,,,,,,,,,,
S01-S13 directional,setup_probe_full.csv,NEARUSDT,15m,S11 stophunt-reentry,4.0,1417.0,-0.1047,48.271,1121.0,-0.1695,45.4951,dead,,,,,,,,,,,,,,,,,
S01-S13 directional,setup_probe_full.csv,NEARUSDT,15m,S11 stophunt-reentry,8.0,1417.0,-0.0885,51.3056,1121.0,-0.1749,48.5281,dead,,,,,,,,,,,,,,,,,
S01-S13 directional,setup_probe_full.csv,NEARUSDT,15m,S11 stophunt-reentry,16.0,1417.0,-0.1296,48.765,1121.0,-0.1826,49.5094,dead,,,,,,,,,,,,,,,,,
S01-S13 directional,setup_probe_full.csv,NEARUSDT,15m,S12 compress-expand,4.0,432.0,-0.1387,46.2963,595.0,-0.0644,45.5462,dead,,,,,,,,,,,,,,,,,
S01-S13 directional,setup_probe_full.csv,NEARUSDT,15m,S12 compress-expand,8.0,432.0,-0.2037,44.6759,595.0,-0.115,45.7143,dead,,,,,,,,,,,,,,,,,
S01-S13 directional,setup_probe_full.csv,NEARUSDT,15m,S12 compress-expand,16.0,432.0,-0.2,44.4444,595.0,-0.0173,50.9244,dead,,,,,,,,,,,,,,,,,
S01-S13 directional,setup_probe_full.csv,NEARUSDT,15m,S13 funding-flip,4.0,224.0,0.0197,53.125,302.0,-0.2088,48.0132,dead,,,,,,,,,,,,,,,,,
S01-S13 directional,setup_probe_full.csv,NEARUSDT,15m,S13 funding-flip,8.0,224.0,0.1539,55.3571,302.0,-0.2092,47.351,dead,,,,,,,,,,,,,,,,,
S01-S13 directional,setup_probe_full.csv,NEARUSDT,15m,S13 funding-flip,16.0,224.0,0.2069,54.4643,302.0,-0.0962,48.6755,dead,,,,,,,,,,,,,,,,,
S01-S13 directional,setup_probe_full.csv,NEARUSDT,1h,S01 sweep-reversal,4.0,777.0,-0.2469,49.1634,707.0,-0.102,52.1924,dead,,,,,,,,,,,,,,,,,
S01-S13 directional,setup_probe_full.csv,NEARUSDT,1h,S01 sweep-reversal,8.0,777.0,-0.2364,48.0051,706.0,-0.1049,55.3824,dead,,,,,,,,,,,,,,,,,
S01-S13 directional,setup_probe_full.csv,NEARUSDT,1h,S01 sweep-reversal,16.0,777.0,-0.1269,48.3912,704.0,-0.0778,53.4091,dead,,,,,,,,,,,,,,,,,
S01-S13 directional,setup_probe_full.csv,NEARUSDT,1h,S02 vwap-fade,4.0,1320.0,-0.185,50.0,1174.0,-0.2431,51.9591,dead,,,,,,,,,,,,,,,,,
S01-S13 directional,setup_probe_full.csv,NEARUSDT,1h,S02 vwap-fade,8.0,1320.0,-0.1859,48.4848,1173.0,-0.3256,52.1739,dead,,,,,,,,,,,,,,,,,
S01-S13 directional,setup_probe_full.csv,NEARUSDT,1h,S02 vwap-fade,16.0,1320.0,-0.1631,49.9242,1173.0,-0.2643,52.1739,dead,,,,,,,,,,,,,,,,,
S01-S13 directional,setup_probe_full.csv,NEARUSDT,1h,S03 absorption,4.0,202.0,-0.1484,50.9901,425.0,-0.1873,48.2353,dead,,,,,,,,,,,,,,,,,
S01-S13 directional,setup_probe_full.csv,NEARUSDT,1h,S03 absorption,8.0,202.0,0.2644,51.4851,425.0,-0.429,47.5294,dead,,,,,,,,,,,,,,,,,
S01-S13 directional,setup_probe_full.csv,NEARUSDT,1h,S03 absorption,16.0,202.0,0.5584,55.4455,423.0,-0.5986,47.2813,dead,,,,,,,,,,,,,,,,,
S01-S13 directional,setup_probe_full.csv,NEARUSDT,1h,S04 liq-bounce,4.0,160.0,-0.1241,54.375,299.0,-0.302,52.8428,dead,,,,,,,,,,,,,,,,,
S01-S13 directional,setup_probe_full.csv,NEARUSDT,1h,S04 liq-bounce,8.0,160.0,-0.2598,49.375,298.0,-0.4125,51.3423,dead,,,,,,,,,,,,,,,,,
S01-S13 directional,setup_probe_full.csv,NEARUSDT,1h,S04 liq-bounce,16.0,160.0,-0.2571,50.0,298.0,-0.2954,51.3423,dead,,,,,,,,,,,,,,,,,
S01-S13 directional,setup_probe_full.csv,NEARUSDT,1h,S05 range-fade,4.0,438.0,-0.1358,50.9132,381.0,-0.1301,46.1942,dead,,,,,,,,,,,,,,,,,
S01-S13 directional,setup_probe_full.csv,NEARUSDT,1h,S05 range-fade,8.0,438.0,-0.2589,47.9452,381.0,-0.0667,47.769,dead,,,,,,,,,,,,,,,,,
S01-S13 directional,setup_probe_full.csv,NEARUSDT,1h,S05 range-fade,16.0,438.0,-0.4868,45.4338,381.0,0.1134,53.0184,dead,,,,,,,,,,,,,,,,,
S01-S13 directional,setup_probe_full.csv,NEARUSDT,1h,S06 breakout-cont,4.0,237.0,0.197,53.5865,214.0,0.1214,48.5981,marginal,,,,,,,,,,,,,,,,,
S01-S13 directional,setup_probe_full.csv,NEARUSDT,1h,S06 breakout-cont,8.0,237.0,0.395,55.2743,214.0,0.2618,48.1308,PASS,,,,,,,,,,,,,,,,,
S01-S13 directional,setup_probe_full.csv,NEARUSDT,1h,S06 breakout-cont,16.0,237.0,0.5631,52.7426,214.0,0.0588,44.8598,marginal,,,,,,,,,,,,,,,,,
S01-S13 directional,setup_probe_full.csv,NEARUSDT,1h,S07 failed-breakout,4.0,78.0,,,73.0,,,insufficient,,,,,,,,,,,,,,,,,
S01-S13 directional,setup_probe_full.csv,NEARUSDT,1h,S07 failed-breakout,8.0,78.0,,,73.0,,,insufficient,,,,,,,,,,,,,,,,,
S01-S13 directional,setup_probe_full.csv,NEARUSDT,1h,S07 failed-breakout,16.0,78.0,,,73.0,,,insufficient,,,,,,,,,,,,,,,,,
S01-S13 directional,setup_probe_full.csv,NEARUSDT,1h,S08 oi-purge-bounce,4.0,654.0,-0.1679,50.3058,1505.0,-0.244,49.3688,dead,,,,,,,,,,,,,,,,,
S01-S13 directional,setup_probe_full.csv,NEARUSDT,1h,S08 oi-purge-bounce,8.0,654.0,-0.0819,48.4709,1505.0,-0.281,47.7741,dead,,,,,,,,,,,,,,,,,
S01-S13 directional,setup_probe_full.csv,NEARUSDT,1h,S08 oi-purge-bounce,16.0,654.0,-0.2562,48.1651,1504.0,-0.4225,48.3378,dead,,,,,,,,,,,,,,,,,
S01-S13 directional,setup_probe_full.csv,NEARUSDT,1h,S09 premium-fade,4.0,287.0,-0.3218,44.9477,265.0,-0.0525,47.5472,dead,,,,,,,,,,,,,,,,,
S01-S13 directional,setup_probe_full.csv,NEARUSDT,1h,S09 premium-fade,8.0,287.0,-0.4056,47.0383,265.0,0.1166,53.5849,dead,,,,,,,,,,,,,,,,,
S01-S13 directional,setup_probe_full.csv,NEARUSDT,1h,S09 premium-fade,16.0,287.0,-0.6978,45.6446,265.0,0.138,47.1698,dead,,,,,,,,,,,,,,,,,
S01-S13 directional,setup_probe_full.csv,NEARUSDT,1h,S10 delta-diverge,4.0,1019.0,-0.2406,48.2826,947.0,-0.1627,51.32,dead,,,,,,,,,,,,,,,,,
S01-S13 directional,setup_probe_full.csv,NEARUSDT,1h,S10 delta-diverge,8.0,1019.0,-0.2697,47.3994,946.0,-0.2633,52.0085,dead,,,,,,,,,,,,,,,,,
S01-S13 directional,setup_probe_full.csv,NEARUSDT,1h,S10 delta-diverge,16.0,1019.0,-0.2418,48.9696,946.0,-0.2983,51.2685,dead,,,,,,,,,,,,,,,,,
S01-S13 directional,setup_probe_full.csv,NEARUSDT,1h,S11 stophunt-reentry,4.0,376.0,-0.3289,47.0745,326.0,-0.1276,52.454,dead,,,,,,,,,,,,,,,,,
S01-S13 directional,setup_probe_full.csv,NEARUSDT,1h,S11 stophunt-reentry,8.0,376.0,-0.1709,49.2021,325.0,0.007,55.0769,dead,,,,,,,,,,,,,,,,,
S01-S13 directional,setup_probe_full.csv,NEARUSDT,1h,S11 stophunt-reentry,16.0,376.0,-0.1459,49.734,323.0,0.0715,52.9412,dead,,,,,,,,,,,,,,,,,
S01-S13 directional,setup_probe_full.csv,NEARUSDT,1h,S12 compress-expand,4.0,158.0,-0.1592,49.3671,216.0,-0.256,43.5185,dead,,,,,,,,,,,,,,,,,
S01-S13 directional,setup_probe_full.csv,NEARUSDT,1h,S12 compress-expand,8.0,158.0,-0.1372,46.8354,216.0,-0.5099,43.5185,dead,,,,,,,,,,,,,,,,,
S01-S13 directional,setup_probe_full.csv,NEARUSDT,1h,S12 compress-expand,16.0,158.0,0.1822,53.7975,216.0,-0.3151,45.8333,dead,,,,,,,,,,,,,,,,,
S01-S13 directional,setup_probe_full.csv,NEARUSDT,1h,S13 funding-flip,4.0,224.0,0.1732,53.125,302.0,-0.1016,48.0132,dead,,,,,,,,,,,,,,,,,
S01-S13 directional,setup_probe_full.csv,NEARUSDT,1h,S13 funding-flip,8.0,224.0,0.0212,49.1071,302.0,-0.0986,50.6623,dead,,,,,,,,,,,,,,,,,
S01-S13 directional,setup_probe_full.csv,NEARUSDT,1h,S13 funding-flip,16.0,224.0,0.4213,55.3571,302.0,-0.0558,46.0265,dead,,,,,,,,,,,,,,,,,
S01-S13 directional,setup_probe_full.csv,APTUSDT,15m,S01 sweep-reversal,4.0,3036.0,-0.0896,52.2069,2748.0,-0.0629,53.0932,dead,,,,,,,,,,,,,,,,,
S01-S13 directional,setup_probe_full.csv,APTUSDT,15m,S01 sweep-reversal,8.0,3036.0,-0.0807,50.8893,2748.0,-0.0816,54.2213,dead,,,,,,,,,,,,,,,,,
S01-S13 directional,setup_probe_full.csv,APTUSDT,15m,S01 sweep-reversal,16.0,3036.0,-0.1219,50.7905,2748.0,-0.0454,54.1485,dead,,,,,,,,,,,,,,,,,
S01-S13 directional,setup_probe_full.csv,APTUSDT,15m,S02 vwap-fade,4.0,5295.0,-0.1627,50.8593,5545.0,-0.11,52.6781,dead,,,,,,,,,,,,,,,,,
S01-S13 directional,setup_probe_full.csv,APTUSDT,15m,S02 vwap-fade,8.0,5295.0,-0.1941,50.085,5545.0,-0.1162,53.2913,dead,,,,,,,,,,,,,,,,,
S01-S13 directional,setup_probe_full.csv,APTUSDT,15m,S02 vwap-fade,16.0,5295.0,-0.2852,48.9141,5544.0,-0.125,53.3189,dead,,,,,,,,,,,,,,,,,
S01-S13 directional,setup_probe_full.csv,APTUSDT,15m,S03 absorption,4.0,859.0,0.0082,53.2014,2179.0,-0.0962,51.3538,dead,,,,,,,,,,,,,,,,,
S01-S13 directional,setup_probe_full.csv,APTUSDT,15m,S03 absorption,8.0,859.0,0.0669,53.6671,2179.0,-0.07,52.2717,dead,,,,,,,,,,,,,,,,,
S01-S13 directional,setup_probe_full.csv,APTUSDT,15m,S03 absorption,16.0,859.0,0.1026,54.3655,2177.0,-0.0981,50.1608,dead,,,,,,,,,,,,,,,,,
S01-S13 directional,setup_probe_full.csv,APTUSDT,15m,S04 liq-bounce,4.0,651.0,0.0066,54.3779,822.0,-0.0804,52.7981,dead,,,,,,,,,,,,,,,,,
S01-S13 directional,setup_probe_full.csv,APTUSDT,15m,S04 liq-bounce,8.0,651.0,-0.0751,53.4562,822.0,-0.0907,52.7981,dead,,,,,,,,,,,,,,,,,
S01-S13 directional,setup_probe_full.csv,APTUSDT,15m,S04 liq-bounce,16.0,651.0,-0.0161,51.6129,822.0,-0.1922,52.6764,dead,,,,,,,,,,,,,,,,,
S01-S13 directional,setup_probe_full.csv,APTUSDT,15m,S05 range-fade,4.0,1709.0,-0.0939,52.8964,1238.0,-0.0906,53.231,dead,,,,,,,,,,,,,,,,,
S01-S13 directional,setup_probe_full.csv,APTUSDT,15m,S05 range-fade,8.0,1709.0,-0.1105,50.9655,1238.0,-0.0639,54.0388,dead,,,,,,,,,,,,,,,,,
S01-S13 directional,setup_probe_full.csv,APTUSDT,15m,S05 range-fade,16.0,1709.0,-0.1046,52.0187,1238.0,-0.0901,54.3619,dead,,,,,,,,,,,,,,,,,
S01-S13 directional,setup_probe_full.csv,APTUSDT,15m,S06 breakout-cont,4.0,976.0,-0.1993,45.4918,777.0,-0.0493,46.7181,dead,,,,,,,,,,,,,,,,,
S01-S13 directional,setup_probe_full.csv,APTUSDT,15m,S06 breakout-cont,8.0,976.0,-0.1961,46.0041,777.0,-0.0573,45.9459,dead,,,,,,,,,,,,,,,,,
S01-S13 directional,setup_probe_full.csv,APTUSDT,15m,S06 breakout-cont,16.0,976.0,-0.0932,48.5656,777.0,0.0197,44.0154,dead,,,,,,,,,,,,,,,,,
S01-S13 directional,setup_probe_full.csv,APTUSDT,15m,S07 failed-breakout,4.0,367.0,-0.0389,54.7684,277.0,-0.0011,55.9567,dead,,,,,,,,,,,,,,,,,
S01-S13 directional,setup_probe_full.csv,APTUSDT,15m,S07 failed-breakout,8.0,367.0,-0.0347,52.3161,277.0,0.0212,61.0108,dead,,,,,,,,,,,,,,,,,
S01-S13 directional,setup_probe_full.csv,APTUSDT,15m,S07 failed-breakout,16.0,367.0,-0.0726,53.406,277.0,0.1696,61.0108,dead,,,,,,,,,,,,,,,,,
S01-S13 directional,setup_probe_full.csv,APTUSDT,15m,S08 oi-purge-bounce,4.0,2648.0,-0.07,53.4743,6260.0,-0.1183,50.0639,dead,,,,,,,,,,,,,,,,,
S01-S13 directional,setup_probe_full.csv,APTUSDT,15m,S08 oi-purge-bounce,8.0,2648.0,-0.0433,53.1722,6257.0,-0.0869,51.4943,dead,,,,,,,,,,,,,,,,,
S01-S13 directional,setup_probe_full.csv,APTUSDT,15m,S08 oi-purge-bounce,16.0,2648.0,-0.0733,51.0196,6250.0,-0.1233,50.96,dead,,,,,,,,,,,,,,,,,
S01-S13 directional,setup_probe_full.csv,APTUSDT,15m,S09 premium-fade,4.0,1267.0,-0.0794,51.0655,1201.0,-0.1342,51.0408,dead,,,,,,,,,,,,,,,,,
S01-S13 directional,setup_probe_full.csv,APTUSDT,15m,S09 premium-fade,8.0,1267.0,0.0009,52.0126,1201.0,-0.1254,51.0408,dead,,,,,,,,,,,,,,,,,
S01-S13 directional,setup_probe_full.csv,APTUSDT,15m,S09 premium-fade,16.0,1267.0,-0.0251,49.6448,1201.0,-0.12,50.6245,dead,,,,,,,,,,,,,,,,,
S01-S13 directional,setup_probe_full.csv,APTUSDT,15m,S10 delta-diverge,4.0,4224.0,-0.1,52.2964,3922.0,-0.0816,54.1305,dead,,,,,,,,,,,,,,,,,
S01-S13 directional,setup_probe_full.csv,APTUSDT,15m,S10 delta-diverge,8.0,4224.0,-0.0869,52.3201,3922.0,-0.0667,53.3401,dead,,,,,,,,,,,,,,,,,
S01-S13 directional,setup_probe_full.csv,APTUSDT,15m,S10 delta-diverge,16.0,4224.0,-0.1177,52.6515,3921.0,-0.0756,53.3792,dead,,,,,,,,,,,,,,,,,
S01-S13 directional,setup_probe_full.csv,APTUSDT,15m,S11 stophunt-reentry,4.0,1486.0,-0.111,52.1534,1288.0,-0.1019,53.1056,dead,,,,,,,,,,,,,,,,,
S01-S13 directional,setup_probe_full.csv,APTUSDT,15m,S11 stophunt-reentry,8.0,1486.0,-0.0909,51.4805,1288.0,-0.1074,53.6491,dead,,,,,,,,,,,,,,,,,
S01-S13 directional,setup_probe_full.csv,APTUSDT,15m,S11 stophunt-reentry,16.0,1486.0,-0.1566,48.7214,1288.0,-0.0712,50.9317,dead,,,,,,,,,,,,,,,,,
S01-S13 directional,setup_probe_full.csv,APTUSDT,15m,S12 compress-expand,4.0,402.0,-0.076,51.2438,487.0,-0.0302,48.8706,dead,,,,,,,,,,,,,,,,,
S01-S13 directional,setup_probe_full.csv,APTUSDT,15m,S12 compress-expand,8.0,402.0,-0.0697,50.7463,487.0,-0.0146,52.3614,dead,,,,,,,,,,,,,,,,,
S01-S13 directional,setup_probe_full.csv,APTUSDT,15m,S12 compress-expand,16.0,402.0,-0.1155,48.5075,487.0,0.084,48.2546,dead,,,,,,,,,,,,,,,,,
S01-S13 directional,setup_probe_full.csv,APTUSDT,15m,S13 funding-flip,4.0,187.0,-0.0801,51.8717,199.0,-0.1461,51.2563,dead,,,,,,,,,,,,,,,,,
S01-S13 directional,setup_probe_full.csv,APTUSDT,15m,S13 funding-flip,8.0,187.0,0.0099,47.0588,199.0,-0.1311,49.7487,dead,,,,,,,,,,,,,,,,,
S01-S13 directional,setup_probe_full.csv,APTUSDT,15m,S13 funding-flip,16.0,187.0,-0.1006,46.5241,199.0,-0.1249,47.7387,dead,,,,,,,,,,,,,,,,,
S01-S13 directional,setup_probe_full.csv,APTUSDT,1h,S01 sweep-reversal,4.0,781.0,-0.1252,49.8079,692.0,0.0355,56.6474,dead,,,,,,,,,,,,,,,,,
S01-S13 directional,setup_probe_full.csv,APTUSDT,1h,S01 sweep-reversal,8.0,781.0,-0.1503,47.8873,692.0,0.0942,54.9133,dead,,,,,,,,,,,,,,,,,
S01-S13 directional,setup_probe_full.csv,APTUSDT,1h,S01 sweep-reversal,16.0,781.0,-0.1634,49.2958,691.0,0.1542,56.2952,dead,,,,,,,,,,,,,,,,,
S01-S13 directional,setup_probe_full.csv,APTUSDT,1h,S02 vwap-fade,4.0,1320.0,-0.233,48.8636,1069.0,-0.0526,56.2208,dead,,,,,,,,,,,,,,,,,
S01-S13 directional,setup_probe_full.csv,APTUSDT,1h,S02 vwap-fade,8.0,1320.0,-0.3239,48.1061,1069.0,0.0162,56.9691,dead,,,,,,,,,,,,,,,,,
S01-S13 directional,setup_probe_full.csv,APTUSDT,1h,S02 vwap-fade,16.0,1320.0,-0.0517,51.8182,1069.0,0.1201,57.5304,dead,,,,,,,,,,,,,,,,,
S01-S13 directional,setup_probe_full.csv,APTUSDT,1h,S03 absorption,4.0,211.0,-0.0809,49.763,587.0,0.0938,55.0256,dead,,,,,,,,,,,,,,,,,
S01-S13 directional,setup_probe_full.csv,APTUSDT,1h,S03 absorption,8.0,211.0,-0.2424,44.5498,587.0,0.1171,55.1959,dead,,,,,,,,,,,,,,,,,
S01-S13 directional,setup_probe_full.csv,APTUSDT,1h,S03 absorption,16.0,211.0,-0.0553,43.6019,587.0,0.4728,57.4106,dead,,,,,,,,,,,,,,,,,
S01-S13 directional,setup_probe_full.csv,APTUSDT,1h,S04 liq-bounce,4.0,170.0,0.0975,54.7059,233.0,-0.0767,54.9356,dead,,,,,,,,,,,,,,,,,
S01-S13 directional,setup_probe_full.csv,APTUSDT,1h,S04 liq-bounce,8.0,170.0,-0.1334,50.0,233.0,0.0913,55.3648,dead,,,,,,,,,,,,,,,,,
S01-S13 directional,setup_probe_full.csv,APTUSDT,1h,S04 liq-bounce,16.0,170.0,-0.4684,47.0588,233.0,-0.1008,50.6438,dead,,,,,,,,,,,,,,,,,
S01-S13 directional,setup_probe_full.csv,APTUSDT,1h,S05 range-fade,4.0,396.0,-0.0296,55.8081,255.0,-0.1762,54.902,dead,,,,,,,,,,,,,,,,,
S01-S13 directional,setup_probe_full.csv,APTUSDT,1h,S05 range-fade,8.0,396.0,-0.0071,48.2323,255.0,-0.018,52.549,dead,,,,,,,,,,,,,,,,,
S01-S13 directional,setup_probe_full.csv,APTUSDT,1h,S05 range-fade,16.0,396.0,-0.0603,52.2727,254.0,0.3547,57.4803,dead,,,,,,,,,,,,,,,,,
S01-S13 directional,setup_probe_full.csv,APTUSDT,1h,S06 breakout-cont,4.0,248.0,0.0228,48.3871,203.0,-0.3264,38.9163,dead,,,,,,,,,,,,,,,,,
S01-S13 directional,setup_probe_full.csv,APTUSDT,1h,S06 breakout-cont,8.0,248.0,0.1356,54.4355,203.0,-0.5242,40.3941,dead,,,,,,,,,,,,,,,,,
S01-S13 directional,setup_probe_full.csv,APTUSDT,1h,S06 breakout-cont,16.0,248.0,-0.129,50.0,203.0,-0.5943,42.8571,dead,,,,,,,,,,,,,,,,,
S01-S13 directional,setup_probe_full.csv,APTUSDT,1h,S07 failed-breakout,4.0,97.0,,,75.0,,,insufficient,,,,,,,,,,,,,,,,,
S01-S13 directional,setup_probe_full.csv,APTUSDT,1h,S07 failed-breakout,8.0,97.0,,,75.0,,,insufficient,,,,,,,,,,,,,,,,,
S01-S13 directional,setup_probe_full.csv,APTUSDT,1h,S07 failed-breakout,16.0,97.0,,,75.0,,,insufficient,,,,,,,,,,,,,,,,,
S01-S13 directional,setup_probe_full.csv,APTUSDT,1h,S08 oi-purge-bounce,4.0,662.0,-0.0732,48.6405,1642.0,-0.0343,51.2789,dead,,,,,,,,,,,,,,,,,
S01-S13 directional,setup_probe_full.csv,APTUSDT,1h,S08 oi-purge-bounce,8.0,662.0,-0.089,48.6405,1638.0,0.062,52.381,dead,,,,,,,,,,,,,,,,,
S01-S13 directional,setup_probe_full.csv,APTUSDT,1h,S08 oi-purge-bounce,16.0,662.0,-0.061,48.0363,1634.0,0.1096,52.0196,dead,,,,,,,,,,,,,,,,,
S01-S13 directional,setup_probe_full.csv,APTUSDT,1h,S09 premium-fade,4.0,324.0,0.0187,50.9259,268.0,-0.1253,51.4925,dead,,,,,,,,,,,,,,,,,
S01-S13 directional,setup_probe_full.csv,APTUSDT,1h,S09 premium-fade,8.0,324.0,0.0414,50.6173,268.0,-0.4696,46.6418,dead,,,,,,,,,,,,,,,,,
S01-S13 directional,setup_probe_full.csv,APTUSDT,1h,S09 premium-fade,16.0,324.0,0.0519,49.0741,268.0,-0.2989,47.3881,dead,,,,,,,,,,,,,,,,,
S01-S13 directional,setup_probe_full.csv,APTUSDT,1h,S10 delta-diverge,4.0,1054.0,-0.1615,50.4744,949.0,-0.027,55.1106,dead,,,,,,,,,,,,,,,,,
S01-S13 directional,setup_probe_full.csv,APTUSDT,1h,S10 delta-diverge,8.0,1054.0,-0.2589,46.2049,949.0,-0.0593,53.9515,dead,,,,,,,,,,,,,,,,,
S01-S13 directional,setup_probe_full.csv,APTUSDT,1h,S10 delta-diverge,16.0,1054.0,-0.1502,47.0588,948.0,-0.0127,55.9072,dead,,,,,,,,,,,,,,,,,
S01-S13 directional,setup_probe_full.csv,APTUSDT,1h,S11 stophunt-reentry,4.0,399.0,-0.1997,46.8672,335.0,0.1043,52.5373,dead,,,,,,,,,,,,,,,,,
S01-S13 directional,setup_probe_full.csv,APTUSDT,1h,S11 stophunt-reentry,8.0,399.0,-0.2605,47.1178,335.0,0.0858,51.9403,dead,,,,,,,,,,,,,,,,,
S01-S13 directional,setup_probe_full.csv,APTUSDT,1h,S11 stophunt-reentry,16.0,399.0,-0.3594,48.1203,334.0,-0.0658,51.1976,dead,,,,,,,,,,,,,,,,,
S01-S13 directional,setup_probe_full.csv,APTUSDT,1h,S12 compress-expand,4.0,146.0,-0.1529,46.5753,156.0,-0.05,47.4359,dead,,,,,,,,,,,,,,,,,
S01-S13 directional,setup_probe_full.csv,APTUSDT,1h,S12 compress-expand,8.0,146.0,-0.0079,46.5753,156.0,-0.2973,51.2821,dead,,,,,,,,,,,,,,,,,
S01-S13 directional,setup_probe_full.csv,APTUSDT,1h,S12 compress-expand,16.0,146.0,0.0345,54.1096,156.0,-0.4233,48.0769,dead,,,,,,,,,,,,,,,,,
S01-S13 directional,setup_probe_full.csv,APTUSDT,1h,S13 funding-flip,4.0,187.0,-0.2004,45.9893,199.0,-0.021,52.7638,dead,,,,,,,,,,,,,,,,,
S01-S13 directional,setup_probe_full.csv,APTUSDT,1h,S13 funding-flip,8.0,187.0,-0.327,48.1283,198.0,0.0183,52.5253,dead,,,,,,,,,,,,,,,,,
S01-S13 directional,setup_probe_full.csv,APTUSDT,1h,S13 funding-flip,16.0,187.0,-0.2816,43.8503,197.0,0.061,52.2843,dead,,,,,,,,,,,,,,,,,
S01-S13 directional,setup_probe_full.csv,ARBUSDT,15m,S01 sweep-reversal,4.0,2774.0,-0.0912,52.8839,2449.0,-0.1163,50.5921,dead,,,,,,,,,,,,,,,,,
S01-S13 directional,setup_probe_full.csv,ARBUSDT,15m,S01 sweep-reversal,8.0,2774.0,-0.1234,50.757,2449.0,-0.0934,51.6129,dead,,,,,,,,,,,,,,,,,
S01-S13 directional,setup_probe_full.csv,ARBUSDT,15m,S01 sweep-reversal,16.0,2774.0,-0.1853,49.5314,2449.0,-0.052,52.0212,dead,,,,,,,,,,,,,,,,,
S01-S13 directional,setup_probe_full.csv,ARBUSDT,15m,S02 vwap-fade,4.0,5295.0,-0.1409,51.5392,4223.0,-0.104,52.4982,dead,,,,,,,,,,,,,,,,,
S01-S13 directional,setup_probe_full.csv,ARBUSDT,15m,S02 vwap-fade,8.0,5295.0,-0.1875,50.8215,4223.0,-0.0956,53.5165,dead,,,,,,,,,,,,,,,,,
S01-S13 directional,setup_probe_full.csv,ARBUSDT,15m,S02 vwap-fade,16.0,5295.0,-0.3451,48.1398,4223.0,-0.0615,53.4691,dead,,,,,,,,,,,,,,,,,
S01-S13 directional,setup_probe_full.csv,ARBUSDT,15m,S03 absorption,4.0,615.0,-0.0498,52.3577,781.0,-0.0897,50.8323,dead,,,,,,,,,,,,,,,,,
S01-S13 directional,setup_probe_full.csv,ARBUSDT,15m,S03 absorption,8.0,615.0,-0.0009,52.8455,781.0,-0.1448,47.8873,dead,,,,,,,,,,,,,,,,,
S01-S13 directional,setup_probe_full.csv,ARBUSDT,15m,S03 absorption,16.0,615.0,-0.0688,50.8943,780.0,-0.17,48.5897,dead,,,,,,,,,,,,,,,,,
S01-S13 directional,setup_probe_full.csv,ARBUSDT,15m,S04 liq-bounce,4.0,722.0,0.0586,56.3712,562.0,-0.1712,49.8221,dead,,,,,,,,,,,,,,,,,
S01-S13 directional,setup_probe_full.csv,ARBUSDT,15m,S04 liq-bounce,8.0,722.0,0.0206,54.7091,562.0,-0.1719,50.8897,dead,,,,,,,,,,,,,,,,,
S01-S13 directional,setup_probe_full.csv,ARBUSDT,15m,S04 liq-bounce,16.0,722.0,0.0611,53.1856,562.0,-0.0994,50.1779,dead,,,,,,,,,,,,,,,,,
S01-S13 directional,setup_probe_full.csv,ARBUSDT,15m,S05 range-fade,4.0,1559.0,-0.1427,50.1604,1653.0,-0.1411,50.2117,dead,,,,,,,,,,,,,,,,,
S01-S13 directional,setup_probe_full.csv,ARBUSDT,15m,S05 range-fade,8.0,1559.0,-0.1412,50.6735,1653.0,-0.1373,49.9093,dead,,,,,,,,,,,,,,,,,
S01-S13 directional,setup_probe_full.csv,ARBUSDT,15m,S05 range-fade,16.0,1559.0,-0.1012,50.2886,1653.0,-0.1781,48.2759,dead,,,,,,,,,,,,,,,,,
S01-S13 directional,setup_probe_full.csv,ARBUSDT,15m,S06 breakout-cont,4.0,873.0,-0.0532,46.6208,752.0,-0.0235,46.2766,dead,,,,,,,,,,,,,,,,,
S01-S13 directional,setup_probe_full.csv,ARBUSDT,15m,S06 breakout-cont,8.0,873.0,-0.0126,46.0481,752.0,0.0195,46.4096,dead,,,,,,,,,,,,,,,,,
S01-S13 directional,setup_probe_full.csv,ARBUSDT,15m,S06 breakout-cont,16.0,873.0,0.1754,50.63,752.0,-0.1345,45.2128,dead,,,,,,,,,,,,,,,,,
S01-S13 directional,setup_probe_full.csv,ARBUSDT,15m,S07 failed-breakout,4.0,344.0,-0.1299,55.2326,218.0,-0.0164,55.9633,dead,,,,,,,,,,,,,,,,,
S01-S13 directional,setup_probe_full.csv,ARBUSDT,15m,S07 failed-breakout,8.0,344.0,-0.1938,50.8721,218.0,0.0738,54.5872,dead,,,,,,,,,,,,,,,,,
S01-S13 directional,setup_probe_full.csv,ARBUSDT,15m,S07 failed-breakout,16.0,344.0,-0.2884,48.5465,218.0,0.1649,58.2569,dead,,,,,,,,,,,,,,,,,
S01-S13 directional,setup_probe_full.csv,ARBUSDT,15m,S08 oi-purge-bounce,4.0,2633.0,-0.1183,50.1329,3579.0,-0.0673,51.3551,dead,,,,,,,,,,,,,,,,,
S01-S13 directional,setup_probe_full.csv,ARBUSDT,15m,S08 oi-purge-bounce,8.0,2633.0,-0.1254,49.6012,3577.0,-0.1149,49.9581,dead,,,,,,,,,,,,,,,,,
S01-S13 directional,setup_probe_full.csv,ARBUSDT,15m,S08 oi-purge-bounce,16.0,2633.0,-0.2053,49.1455,3575.0,-0.13,47.9441,dead,,,,,,,,,,,,,,,,,
S01-S13 directional,setup_probe_full.csv,ARBUSDT,15m,S09 premium-fade,4.0,1111.0,-0.1961,46.5347,1084.0,-0.0791,52.6753,dead,,,,,,,,,,,,,,,,,
S01-S13 directional,setup_probe_full.csv,ARBUSDT,15m,S09 premium-fade,8.0,1111.0,-0.1607,49.1449,1084.0,-0.1705,49.631,dead,,,,,,,,,,,,,,,,,
S01-S13 directional,setup_probe_full.csv,ARBUSDT,15m,S09 premium-fade,16.0,1111.0,-0.1381,47.1647,1084.0,-0.2927,46.9557,dead,,,,,,,,,,,,,,,,,
S01-S13 directional,setup_probe_full.csv,ARBUSDT,15m,S10 delta-diverge,4.0,3830.0,-0.1223,51.4883,3383.0,-0.1008,51.9066,dead,,,,,,,,,,,,,,,,,
S01-S13 directional,setup_probe_full.csv,ARBUSDT,15m,S10 delta-diverge,8.0,3830.0,-0.1508,50.235,3382.0,-0.0882,52.6611,dead,,,,,,,,,,,,,,,,,
S01-S13 directional,setup_probe_full.csv,ARBUSDT,15m,S10 delta-diverge,16.0,3830.0,-0.2323,49.4517,3382.0,-0.0733,52.4837,dead,,,,,,,,,,,,,,,,,
S01-S13 directional,setup_probe_full.csv,ARBUSDT,15m,S11 stophunt-reentry,4.0,1377.0,-0.1269,48.8744,1119.0,-0.0991,49.0617,dead,,,,,,,,,,,,,,,,,
S01-S13 directional,setup_probe_full.csv,ARBUSDT,15m,S11 stophunt-reentry,8.0,1377.0,-0.1078,50.0363,1119.0,-0.0398,49.5979,dead,,,,,,,,,,,,,,,,,
S01-S13 directional,setup_probe_full.csv,ARBUSDT,15m,S11 stophunt-reentry,16.0,1377.0,-0.1208,49.0922,1119.0,0.0084,50.6702,dead,,,,,,,,,,,,,,,,,
S01-S13 directional,setup_probe_full.csv,ARBUSDT,15m,S12 compress-expand,4.0,437.0,-0.1439,50.5721,678.0,-0.1003,44.1003,dead,,,,,,,,,,,,,,,,,
S01-S13 directional,setup_probe_full.csv,ARBUSDT,15m,S12 compress-expand,8.0,437.0,-0.1821,44.6224,678.0,-0.1423,47.7876,dead,,,,,,,,,,,,,,,,,
S01-S13 directional,setup_probe_full.csv,ARBUSDT,15m,S12 compress-expand,16.0,437.0,-0.1853,48.2838,677.0,-0.168,49.3353,dead,,,,,,,,,,,,,,,,,
S01-S13 directional,setup_probe_full.csv,ARBUSDT,15m,S13 funding-flip,4.0,178.0,-0.0162,54.4944,298.0,-0.1893,44.9664,dead,,,,,,,,,,,,,,,,,
S01-S13 directional,setup_probe_full.csv,ARBUSDT,15m,S13 funding-flip,8.0,178.0,0.0706,52.809,298.0,-0.1403,49.3289,dead,,,,,,,,,,,,,,,,,
S01-S13 directional,setup_probe_full.csv,ARBUSDT,15m,S13 funding-flip,16.0,178.0,0.0063,57.3034,298.0,-0.0797,50.3356,dead,,,,,,,,,,,,,,,,,
S01-S13 directional,setup_probe_full.csv,ARBUSDT,1h,S01 sweep-reversal,4.0,753.0,-0.2112,50.4648,642.0,0.123,54.8287,dead,,,,,,,,,,,,,,,,,
S01-S13 directional,setup_probe_full.csv,ARBUSDT,1h,S01 sweep-reversal,8.0,753.0,-0.2279,49.1368,642.0,0.2395,54.6729,dead,,,,,,,,,,,,,,,,,
S01-S13 directional,setup_probe_full.csv,ARBUSDT,1h,S01 sweep-reversal,16.0,753.0,-0.5725,47.8088,642.0,0.3663,56.5421,dead,,,,,,,,,,,,,,,,,
S01-S13 directional,setup_probe_full.csv,ARBUSDT,1h,S02 vwap-fade,4.0,1320.0,-0.3866,48.3333,857.0,0.0529,55.776,dead,,,,,,,,,,,,,,,,,
S01-S13 directional,setup_probe_full.csv,ARBUSDT,1h,S02 vwap-fade,8.0,1320.0,-0.5029,46.9697,857.0,0.2912,56.7095,dead,,,,,,,,,,,,,,,,,
S01-S13 directional,setup_probe_full.csv,ARBUSDT,1h,S02 vwap-fade,16.0,1320.0,-0.6267,47.9545,857.0,0.3601,57.5263,dead,,,,,,,,,,,,,,,,,
S01-S13 directional,setup_probe_full.csv,ARBUSDT,1h,S03 absorption,4.0,167.0,0.0661,50.8982,197.0,-0.045,51.7766,dead,,,,,,,,,,,,,,,,,
S01-S13 directional,setup_probe_full.csv,ARBUSDT,1h,S03 absorption,8.0,167.0,0.3398,52.0958,196.0,-0.4562,50.5102,dead,,,,,,,,,,,,,,,,,
S01-S13 directional,setup_probe_full.csv,ARBUSDT,1h,S03 absorption,16.0,167.0,0.2889,48.503,195.0,-0.5257,44.6154,dead,,,,,,,,,,,,,,,,,
S01-S13 directional,setup_probe_full.csv,ARBUSDT,1h,S04 liq-bounce,4.0,165.0,-0.4801,42.4242,126.0,-0.1004,53.1746,dead,,,,,,,,,,,,,,,,,
S01-S13 directional,setup_probe_full.csv,ARBUSDT,1h,S04 liq-bounce,8.0,165.0,-0.7216,44.8485,126.0,-0.2411,50.7937,dead,,,,,,,,,,,,,,,,,
S01-S13 directional,setup_probe_full.csv,ARBUSDT,1h,S04 liq-bounce,16.0,165.0,-1.117,41.8182,126.0,-0.3516,50.0,dead,,,,,,,,,,,,,,,,,
S01-S13 directional,setup_probe_full.csv,ARBUSDT,1h,S05 range-fade,4.0,356.0,-0.1495,49.7191,430.0,-0.1082,50.0,dead,,,,,,,,,,,,,,,,,
S01-S13 directional,setup_probe_full.csv,ARBUSDT,1h,S05 range-fade,8.0,356.0,-0.1848,48.3146,430.0,0.0733,54.4186,dead,,,,,,,,,,,,,,,,,
S01-S13 directional,setup_probe_full.csv,ARBUSDT,1h,S05 range-fade,16.0,356.0,-0.4822,50.8427,427.0,0.4526,55.0351,dead,,,,,,,,,,,,,,,,,
S01-S13 directional,setup_probe_full.csv,ARBUSDT,1h,S06 breakout-cont,4.0,202.0,0.2667,52.9703,185.0,-0.0217,45.9459,dead,,,,,,,,,,,,,,,,,
S01-S13 directional,setup_probe_full.csv,ARBUSDT,1h,S06 breakout-cont,8.0,202.0,0.8216,53.9604,185.0,-0.1074,47.027,dead,,,,,,,,,,,,,,,,,
S01-S13 directional,setup_probe_full.csv,ARBUSDT,1h,S06 breakout-cont,16.0,202.0,0.5595,50.0,185.0,-0.2223,42.7027,dead,,,,,,,,,,,,,,,,,
S01-S13 directional,setup_probe_full.csv,ARBUSDT,1h,S07 failed-breakout,4.0,79.0,,,53.0,,,insufficient,,,,,,,,,,,,,,,,,
S01-S13 directional,setup_probe_full.csv,ARBUSDT,1h,S07 failed-breakout,8.0,79.0,,,53.0,,,insufficient,,,,,,,,,,,,,,,,,
S01-S13 directional,setup_probe_full.csv,ARBUSDT,1h,S07 failed-breakout,16.0,79.0,,,53.0,,,insufficient,,,,,,,,,,,,,,,,,
S01-S13 directional,setup_probe_full.csv,ARBUSDT,1h,S08 oi-purge-bounce,4.0,660.0,-0.2968,48.3333,887.0,-0.1104,49.4927,dead,,,,,,,,,,,,,,,,,
S01-S13 directional,setup_probe_full.csv,ARBUSDT,1h,S08 oi-purge-bounce,8.0,660.0,-0.3854,48.3333,886.0,-0.0402,50.6772,dead,,,,,,,,,,,,,,,,,
S01-S13 directional,setup_probe_full.csv,ARBUSDT,1h,S08 oi-purge-bounce,16.0,660.0,-0.6461,43.0303,886.0,0.0918,52.2573,dead,,,,,,,,,,,,,,,,,
S01-S13 directional,setup_probe_full.csv,ARBUSDT,1h,S09 premium-fade,4.0,307.0,0.1354,50.8143,254.0,-0.2372,40.1575,dead,,,,,,,,,,,,,,,,,
S01-S13 directional,setup_probe_full.csv,ARBUSDT,1h,S09 premium-fade,8.0,307.0,0.4167,53.4202,254.0,-0.4354,47.2441,dead,,,,,,,,,,,,,,,,,
S01-S13 directional,setup_probe_full.csv,ARBUSDT,1h,S09 premium-fade,16.0,307.0,0.4298,53.0945,252.0,-0.6875,47.2222,dead,,,,,,,,,,,,,,,,,
S01-S13 directional,setup_probe_full.csv,ARBUSDT,1h,S10 delta-diverge,4.0,1078.0,-0.1971,51.6698,903.0,-0.1075,55.1495,dead,,,,,,,,,,,,,,,,,
S01-S13 directional,setup_probe_full.csv,ARBUSDT,1h,S10 delta-diverge,8.0,1078.0,-0.3174,47.4026,903.0,0.0436,55.5925,dead,,,,,,,,,,,,,,,,,
S01-S13 directional,setup_probe_full.csv,ARBUSDT,1h,S10 delta-diverge,16.0,1078.0,-0.5897,46.6605,900.0,0.0811,55.6667,dead,,,,,,,,,,,,,,,,,
S01-S13 directional,setup_probe_full.csv,ARBUSDT,1h,S11 stophunt-reentry,4.0,380.0,-0.2924,47.1053,303.0,0.0138,51.1551,dead,,,,,,,,,,,,,,,,,
S01-S13 directional,setup_probe_full.csv,ARBUSDT,1h,S11 stophunt-reentry,8.0,380.0,-0.3217,47.6316,303.0,0.1189,52.4752,dead,,,,,,,,,,,,,,,,,
S01-S13 directional,setup_probe_full.csv,ARBUSDT,1h,S11 stophunt-reentry,16.0,380.0,-0.6765,47.3684,303.0,0.3447,52.1452,dead,,,,,,,,,,,,,,,,,
S01-S13 directional,setup_probe_full.csv,ARBUSDT,1h,S12 compress-expand,4.0,179.0,-0.0894,44.6927,263.0,-0.1533,49.0494,dead,,,,,,,,,,,,,,,,,
S01-S13 directional,setup_probe_full.csv,ARBUSDT,1h,S12 compress-expand,8.0,179.0,0.0752,48.0447,263.0,-0.3425,46.3878,dead,,,,,,,,,,,,,,,,,
S01-S13 directional,setup_probe_full.csv,ARBUSDT,1h,S12 compress-expand,16.0,179.0,0.134,48.6034,263.0,-0.4639,44.8669,dead,,,,,,,,,,,,,,,,,
S01-S13 directional,setup_probe_full.csv,ARBUSDT,1h,S13 funding-flip,4.0,178.0,-0.0575,53.3708,298.0,0.0428,51.3423,dead,,,,,,,,,,,,,,,,,
S01-S13 directional,setup_probe_full.csv,ARBUSDT,1h,S13 funding-flip,8.0,178.0,0.0871,54.4944,298.0,-0.0209,50.6711,dead,,,,,,,,,,,,,,,,,
S01-S13 directional,setup_probe_full.csv,ARBUSDT,1h,S13 funding-flip,16.0,178.0,0.1952,49.4382,297.0,-0.1699,45.7912,dead,,,,,,,,,,,,,,,,,
S01-S13 directional,setup_probe_full.csv,OPUSDT,15m,S01 sweep-reversal,4.0,2939.0,-0.0953,51.8203,2419.0,-0.1042,49.9793,dead,,,,,,,,,,,,,,,,,
S01-S13 directional,setup_probe_full.csv,OPUSDT,15m,S01 sweep-reversal,8.0,2939.0,-0.1139,51.6162,2419.0,-0.1133,51.6329,dead,,,,,,,,,,,,,,,,,
S01-S13 directional,setup_probe_full.csv,OPUSDT,15m,S01 sweep-reversal,16.0,2939.0,-0.1933,49.7448,2419.0,-0.1413,52.0463,dead,,,,,,,,,,,,,,,,,
S01-S13 directional,setup_probe_full.csv,OPUSDT,15m,S02 vwap-fade,4.0,5295.0,-0.1519,50.6516,4577.0,-0.1507,50.4916,dead,,,,,,,,,,,,,,,,,
S01-S13 directional,setup_probe_full.csv,OPUSDT,15m,S02 vwap-fade,8.0,5295.0,-0.1766,50.576,4577.0,-0.1559,51.1033,dead,,,,,,,,,,,,,,,,,
S01-S13 directional,setup_probe_full.csv,OPUSDT,15m,S02 vwap-fade,16.0,5295.0,-0.2589,48.763,4577.0,-0.1873,52.2832,dead,,,,,,,,,,,,,,,,,
S01-S13 directional,setup_probe_full.csv,OPUSDT,15m,S03 absorption,4.0,648.0,-0.0213,53.2407,1284.0,-0.1179,47.5857,dead,,,,,,,,,,,,,,,,,
S01-S13 directional,setup_probe_full.csv,OPUSDT,15m,S03 absorption,8.0,648.0,-0.0049,53.2407,1284.0,-0.1329,48.8318,dead,,,,,,,,,,,,,,,,,
S01-S13 directional,setup_probe_full.csv,OPUSDT,15m,S03 absorption,16.0,648.0,-0.157,51.3889,1284.0,-0.2069,47.8972,dead,,,,,,,,,,,,,,,,,
S01-S13 directional,setup_probe_full.csv,OPUSDT,15m,S04 liq-bounce,4.0,706.0,-0.0514,50.7082,711.0,-0.261,47.398,dead,,,,,,,,,,,,,,,,,
S01-S13 directional,setup_probe_full.csv,OPUSDT,15m,S04 liq-bounce,8.0,706.0,-0.1324,51.4164,711.0,-0.2108,50.211,dead,,,,,,,,,,,,,,,,,
S01-S13 directional,setup_probe_full.csv,OPUSDT,15m,S04 liq-bounce,16.0,706.0,-0.0622,49.0085,710.0,-0.305,49.1549,dead,,,,,,,,,,,,,,,,,
S01-S13 directional,setup_probe_full.csv,OPUSDT,15m,S05 range-fade,4.0,1568.0,-0.1011,51.5306,1543.0,-0.0934,52.0415,dead,,,,,,,,,,,,,,,,,
S01-S13 directional,setup_probe_full.csv,OPUSDT,15m,S05 range-fade,8.0,1568.0,-0.0801,51.2755,1543.0,-0.1024,50.4213,dead,,,,,,,,,,,,,,,,,
S01-S13 directional,setup_probe_full.csv,OPUSDT,15m,S05 range-fade,16.0,1568.0,-0.0725,50.6378,1543.0,-0.1071,49.3195,dead,,,,,,,,,,,,,,,,,
S01-S13 directional,setup_probe_full.csv,OPUSDT,15m,S06 breakout-cont,4.0,942.0,-0.1094,47.0276,760.0,-0.1365,42.7632,dead,,,,,,,,,,,,,,,,,
S01-S13 directional,setup_probe_full.csv,OPUSDT,15m,S06 breakout-cont,8.0,942.0,-0.1347,43.7367,760.0,-0.0784,43.1579,dead,,,,,,,,,,,,,,,,,
S01-S13 directional,setup_probe_full.csv,OPUSDT,15m,S06 breakout-cont,16.0,942.0,-0.0251,47.7707,760.0,-0.096,42.5,dead,,,,,,,,,,,,,,,,,
S01-S13 directional,setup_probe_full.csv,OPUSDT,15m,S07 failed-breakout,4.0,361.0,-0.1075,51.5235,243.0,-0.0457,51.8519,dead,,,,,,,,,,,,,,,,,
S01-S13 directional,setup_probe_full.csv,OPUSDT,15m,S07 failed-breakout,8.0,361.0,-0.1565,54.5706,243.0,0.0154,51.4403,dead,,,,,,,,,,,,,,,,,
S01-S13 directional,setup_probe_full.csv,OPUSDT,15m,S07 failed-breakout,16.0,361.0,-0.2096,53.7396,243.0,0.0731,55.5556,dead,,,,,,,,,,,,,,,,,
S01-S13 directional,setup_probe_full.csv,OPUSDT,15m,S08 oi-purge-bounce,4.0,2635.0,-0.1557,49.1841,5071.0,-0.1114,49.6746,dead,,,,,,,,,,,,,,,,,
S01-S13 directional,setup_probe_full.csv,OPUSDT,15m,S08 oi-purge-bounce,8.0,2635.0,-0.167,49.3738,5068.0,-0.1032,50.6117,dead,,,,,,,,,,,,,,,,,
S01-S13 directional,setup_probe_full.csv,OPUSDT,15m,S08 oi-purge-bounce,16.0,2635.0,-0.1954,49.8292,5067.0,-0.1052,51.1545,dead,,,,,,,,,,,,,,,,,
S01-S13 directional,setup_probe_full.csv,OPUSDT,15m,S09 premium-fade,4.0,1244.0,-0.1419,47.8296,1303.0,-0.1321,47.5825,dead,,,,,,,,,,,,,,,,,
S01-S13 directional,setup_probe_full.csv,OPUSDT,15m,S09 premium-fade,8.0,1244.0,-0.1488,48.1511,1303.0,-0.225,47.1988,dead,,,,,,,,,,,,,,,,,
S01-S13 directional,setup_probe_full.csv,OPUSDT,15m,S09 premium-fade,16.0,1244.0,-0.1959,47.7492,1302.0,-0.2427,46.6974,dead,,,,,,,,,,,,,,,,,
S01-S13 directional,setup_probe_full.csv,OPUSDT,15m,S10 delta-diverge,4.0,4010.0,-0.117,51.4464,3620.0,-0.1203,51.5746,dead,,,,,,,,,,,,,,,,,
S01-S13 directional,setup_probe_full.csv,OPUSDT,15m,S10 delta-diverge,8.0,4010.0,-0.1129,51.3965,3620.0,-0.11,51.4365,dead,,,,,,,,,,,,,,,,,
S01-S13 directional,setup_probe_full.csv,OPUSDT,15m,S10 delta-diverge,16.0,4010.0,-0.1974,49.8005,3619.0,-0.0979,51.4507,dead,,,,,,,,,,,,,,,,,
S01-S13 directional,setup_probe_full.csv,OPUSDT,15m,S11 stophunt-reentry,4.0,1406.0,-0.0669,52.3471,1116.0,-0.1271,49.1039,dead,,,,,,,,,,,,,,,,,
S01-S13 directional,setup_probe_full.csv,OPUSDT,15m,S11 stophunt-reentry,8.0,1406.0,-0.039,52.0626,1116.0,-0.1246,50.1792,dead,,,,,,,,,,,,,,,,,
S01-S13 directional,setup_probe_full.csv,OPUSDT,15m,S11 stophunt-reentry,16.0,1406.0,-0.1114,50.7824,1116.0,-0.0722,52.1505,dead,,,,,,,,,,,,,,,,,
S01-S13 directional,setup_probe_full.csv,OPUSDT,15m,S12 compress-expand,4.0,459.0,-0.07,50.3268,627.0,-0.1335,42.5837,dead,,,,,,,,,,,,,,,,,
S01-S13 directional,setup_probe_full.csv,OPUSDT,15m,S12 compress-expand,8.0,459.0,-0.101,49.2375,627.0,-0.1667,46.571,dead,,,,,,,,,,,,,,,,,
S01-S13 directional,setup_probe_full.csv,OPUSDT,15m,S12 compress-expand,16.0,459.0,-0.0341,47.7124,627.0,-0.2034,47.2089,dead,,,,,,,,,,,,,,,,,
S01-S13 directional,setup_probe_full.csv,OPUSDT,15m,S13 funding-flip,4.0,198.0,-0.0206,50.0,342.0,-0.094,48.538,dead,,,,,,,,,,,,,,,,,
S01-S13 directional,setup_probe_full.csv,OPUSDT,15m,S13 funding-flip,8.0,198.0,-0.0528,46.4646,342.0,-0.0865,48.538,dead,,,,,,,,,,,,,,,,,
S01-S13 directional,setup_probe_full.csv,OPUSDT,15m,S13 funding-flip,16.0,198.0,-0.0936,47.9798,342.0,-0.1138,52.0468,dead,,,,,,,,,,,,,,,,,
S01-S13 directional,setup_probe_full.csv,OPUSDT,1h,S01 sweep-reversal,4.0,765.0,-0.2486,47.5817,701.0,0.0055,53.7803,dead,,,,,,,,,,,,,,,,,
S01-S13 directional,setup_probe_full.csv,OPUSDT,1h,S01 sweep-reversal,8.0,765.0,-0.3311,46.6667,701.0,0.0884,52.7817,dead,,,,,,,,,,,,,,,,,
S01-S13 directional,setup_probe_full.csv,OPUSDT,1h,S01 sweep-reversal,16.0,765.0,-0.4279,44.8366,700.0,-0.1004,52.8571,dead,,,,,,,,,,,,,,,,,
S01-S13 directional,setup_probe_full.csv,OPUSDT,1h,S02 vwap-fade,4.0,1320.0,-0.2177,49.8485,898.0,-0.2029,53.118,dead,,,,,,,,,,,,,,,,,
S01-S13 directional,setup_probe_full.csv,OPUSDT,1h,S02 vwap-fade,8.0,1320.0,-0.2536,47.6515,898.0,-0.1837,55.2339,dead,,,,,,,,,,,,,,,,,
S01-S13 directional,setup_probe_full.csv,OPUSDT,1h,S02 vwap-fade,16.0,1320.0,-0.1606,49.2424,898.0,-0.0289,56.2361,dead,,,,,,,,,,,,,,,,,
S01-S13 directional,setup_probe_full.csv,OPUSDT,1h,S03 absorption,4.0,195.0,-0.1918,50.7692,359.0,-0.1343,45.4039,dead,,,,,,,,,,,,,,,,,
S01-S13 directional,setup_probe_full.csv,OPUSDT,1h,S03 absorption,8.0,195.0,-0.2278,47.6923,359.0,0.0425,51.532,dead,,,,,,,,,,,,,,,,,
S01-S13 directional,setup_probe_full.csv,OPUSDT,1h,S03 absorption,16.0,195.0,-0.1673,46.1538,359.0,0.1437,48.7465,dead,,,,,,,,,,,,,,,,,
S01-S13 directional,setup_probe_full.csv,OPUSDT,1h,S04 liq-bounce,4.0,170.0,-0.0798,51.1765,176.0,-0.1071,50.5682,dead,,,,,,,,,,,,,,,,,
S01-S13 directional,setup_probe_full.csv,OPUSDT,1h,S04 liq-bounce,8.0,170.0,-0.9744,42.3529,176.0,-0.1538,49.4318,dead,,,,,,,,,,,,,,,,,
S01-S13 directional,setup_probe_full.csv,OPUSDT,1h,S04 liq-bounce,16.0,170.0,-0.9814,40.5882,176.0,-0.2557,50.5682,dead,,,,,,,,,,,,,,,,,
S01-S13 directional,setup_probe_full.csv,OPUSDT,1h,S05 range-fade,4.0,396.0,-0.2815,45.4545,405.0,-0.0119,53.8272,dead,,,,,,,,,,,,,,,,,
S01-S13 directional,setup_probe_full.csv,OPUSDT,1h,S05 range-fade,8.0,396.0,-0.5643,41.9192,405.0,0.0326,54.5679,dead,,,,,,,,,,,,,,,,,
S01-S13 directional,setup_probe_full.csv,OPUSDT,1h,S05 range-fade,16.0,396.0,-1.0183,37.6263,403.0,0.1965,54.5906,dead,,,,,,,,,,,,,,,,,
S01-S13 directional,setup_probe_full.csv,OPUSDT,1h,S06 breakout-cont,4.0,221.0,0.345,54.2986,211.0,0.4576,46.4455,PASS,,,,,,,,,,,,,,,,,
S01-S13 directional,setup_probe_full.csv,OPUSDT,1h,S06 breakout-cont,8.0,221.0,0.7754,58.8235,211.0,0.4431,46.9194,PASS,,,,,,,,,,,,,,,,,
S01-S13 directional,setup_probe_full.csv,OPUSDT,1h,S06 breakout-cont,16.0,221.0,1.105,60.181,211.0,0.6769,52.6066,PASS,,,,,,,,,,,,,,,,,
S01-S13 directional,setup_probe_full.csv,OPUSDT,1h,S07 failed-breakout,4.0,83.0,,,78.0,,,insufficient,,,,,,,,,,,,,,,,,
S01-S13 directional,setup_probe_full.csv,OPUSDT,1h,S07 failed-breakout,8.0,83.0,,,78.0,,,insufficient,,,,,,,,,,,,,,,,,
S01-S13 directional,setup_probe_full.csv,OPUSDT,1h,S07 failed-breakout,16.0,83.0,,,78.0,,,insufficient,,,,,,,,,,,,,,,,,
S01-S13 directional,setup_probe_full.csv,OPUSDT,1h,S08 oi-purge-bounce,4.0,660.0,-0.2138,48.3333,1263.0,-0.0599,51.3856,dead,,,,,,,,,,,,,,,,,
S01-S13 directional,setup_probe_full.csv,OPUSDT,1h,S08 oi-purge-bounce,8.0,660.0,-0.2495,48.1818,1263.0,-0.0316,49.6437,dead,,,,,,,,,,,,,,,,,
S01-S13 directional,setup_probe_full.csv,OPUSDT,1h,S08 oi-purge-bounce,16.0,660.0,-0.6723,42.5758,1263.0,-0.1785,48.2977,dead,,,,,,,,,,,,,,,,,
S01-S13 directional,setup_probe_full.csv,OPUSDT,1h,S09 premium-fade,4.0,324.0,-0.1659,46.6049,311.0,-0.3549,44.6945,dead,,,,,,,,,,,,,,,,,
S01-S13 directional,setup_probe_full.csv,OPUSDT,1h,S09 premium-fade,8.0,324.0,-0.203,48.1481,309.0,-0.4514,39.8058,dead,,,,,,,,,,,,,,,,,
S01-S13 directional,setup_probe_full.csv,OPUSDT,1h,S09 premium-fade,16.0,324.0,-0.3578,47.2222,305.0,-0.9847,40.6557,dead,,,,,,,,,,,,,,,,,
S01-S13 directional,setup_probe_full.csv,OPUSDT,1h,S10 delta-diverge,4.0,1121.0,-0.2378,49.0633,945.0,-0.1928,53.6508,dead,,,,,,,,,,,,,,,,,
S01-S13 directional,setup_probe_full.csv,OPUSDT,1h,S10 delta-diverge,8.0,1121.0,-0.339,48.3497,945.0,-0.2331,50.6878,dead,,,,,,,,,,,,,,,,,
S01-S13 directional,setup_probe_full.csv,OPUSDT,1h,S10 delta-diverge,16.0,1121.0,-0.3969,46.2087,944.0,-0.1964,52.9661,dead,,,,,,,,,,,,,,,,,
S01-S13 directional,setup_probe_full.csv,OPUSDT,1h,S11 stophunt-reentry,4.0,385.0,-0.3591,41.5584,339.0,0.0827,47.7876,dead,,,,,,,,,,,,,,,,,
S01-S13 directional,setup_probe_full.csv,OPUSDT,1h,S11 stophunt-reentry,8.0,385.0,-0.3928,42.5974,339.0,0.1733,50.4425,dead,,,,,,,,,,,,,,,,,
S01-S13 directional,setup_probe_full.csv,OPUSDT,1h,S11 stophunt-reentry,16.0,385.0,-0.345,46.2338,339.0,0.1066,53.0973,dead,,,,,,,,,,,,,,,,,
S01-S13 directional,setup_probe_full.csv,OPUSDT,1h,S12 compress-expand,4.0,163.0,0.0981,49.0798,238.0,0.0295,50.0,marginal,,,,,,,,,,,,,,,,,
S01-S13 directional,setup_probe_full.csv,OPUSDT,1h,S12 compress-expand,8.0,163.0,0.2961,49.0798,238.0,-0.0778,47.0588,dead,,,,,,,,,,,,,,,,,
S01-S13 directional,setup_probe_full.csv,OPUSDT,1h,S12 compress-expand,16.0,163.0,0.5109,57.0552,237.0,-0.1713,48.1013,dead,,,,,,,,,,,,,,,,,
S01-S13 directional,setup_probe_full.csv,OPUSDT,1h,S13 funding-flip,4.0,198.0,-0.1475,50.0,342.0,-0.247,51.7544,dead,,,,,,,,,,,,,,,,,
S01-S13 directional,setup_probe_full.csv,OPUSDT,1h,S13 funding-flip,8.0,198.0,0.1047,54.5455,342.0,-0.4592,47.076,dead,,,,,,,,,,,,,,,,,
S01-S13 directional,setup_probe_full.csv,OPUSDT,1h,S13 funding-flip,16.0,198.0,-0.2451,46.4646,342.0,-0.3568,45.3216,dead,,,,,,,,,,,,,,,,,
S01-S13 directional,setup_probe_full.csv,SUIUSDT,15m,S01 sweep-reversal,4.0,2797.0,-0.0911,53.2356,2571.0,-0.081,54.7258,dead,,,,,,,,,,,,,,,,,
S01-S13 directional,setup_probe_full.csv,SUIUSDT,15m,S01 sweep-reversal,8.0,2797.0,-0.071,53.8077,2571.0,-0.1065,53.8701,dead,,,,,,,,,,,,,,,,,
S01-S13 directional,setup_probe_full.csv,SUIUSDT,15m,S01 sweep-reversal,16.0,2797.0,-0.103,50.8402,2571.0,-0.1474,52.7032,dead,,,,,,,,,,,,,,,,,
S01-S13 directional,setup_probe_full.csv,SUIUSDT,15m,S02 vwap-fade,4.0,5295.0,-0.1163,52.8045,3738.0,-0.1453,53.3975,dead,,,,,,,,,,,,,,,,,
S01-S13 directional,setup_probe_full.csv,SUIUSDT,15m,S02 vwap-fade,8.0,5295.0,-0.1433,51.407,3738.0,-0.1827,53.0765,dead,,,,,,,,,,,,,,,,,
S01-S13 directional,setup_probe_full.csv,SUIUSDT,15m,S02 vwap-fade,16.0,5295.0,-0.2752,48.6686,3737.0,-0.2618,51.9133,dead,,,,,,,,,,,,,,,,,
S01-S13 directional,setup_probe_full.csv,SUIUSDT,15m,S03 absorption,4.0,601.0,-0.0713,51.4143,634.0,-0.1685,47.6341,dead,,,,,,,,,,,,,,,,,
S01-S13 directional,setup_probe_full.csv,SUIUSDT,15m,S03 absorption,8.0,601.0,-0.0724,51.4143,634.0,-0.1922,49.8423,dead,,,,,,,,,,,,,,,,,
S01-S13 directional,setup_probe_full.csv,SUIUSDT,15m,S03 absorption,16.0,601.0,-0.085,48.2529,634.0,-0.186,48.4227,dead,,,,,,,,,,,,,,,,,
S01-S13 directional,setup_probe_full.csv,SUIUSDT,15m,S04 liq-bounce,4.0,728.0,0.0277,54.8077,489.0,-0.073,53.5787,dead,,,,,,,,,,,,,,,,,
S01-S13 directional,setup_probe_full.csv,SUIUSDT,15m,S04 liq-bounce,8.0,728.0,-0.0353,53.2967,489.0,-0.0476,56.0327,dead,,,,,,,,,,,,,,,,,
S01-S13 directional,setup_probe_full.csv,SUIUSDT,15m,S04 liq-bounce,16.0,728.0,0.09,51.511,489.0,-0.1394,52.7607,dead,,,,,,,,,,,,,,,,,
S01-S13 directional,setup_probe_full.csv,SUIUSDT,15m,S05 range-fade,4.0,1606.0,-0.0919,53.1133,1583.0,-0.1071,54.6431,dead,,,,,,,,,,,,,,,,,
S01-S13 directional,setup_probe_full.csv,SUIUSDT,15m,S05 range-fade,8.0,1606.0,-0.0514,53.736,1583.0,-0.1064,54.1377,dead,,,,,,,,,,,,,,,,,
S01-S13 directional,setup_probe_full.csv,SUIUSDT,15m,S05 range-fade,16.0,1606.0,-0.0817,52.802,1581.0,-0.095,51.6129,dead,,,,,,,,,,,,,,,,,
S01-S13 directional,setup_probe_full.csv,SUIUSDT,15m,S06 breakout-cont,4.0,956.0,-0.1877,43.3054,769.0,-0.0576,46.554,dead,,,,,,,,,,,,,,,,,
S01-S13 directional,setup_probe_full.csv,SUIUSDT,15m,S06 breakout-cont,8.0,956.0,-0.0876,47.3849,769.0,0.1457,45.9038,dead,,,,,,,,,,,,,,,,,
S01-S13 directional,setup_probe_full.csv,SUIUSDT,15m,S06 breakout-cont,16.0,956.0,0.005,50.2092,769.0,0.2665,47.5943,PASS,,,,,,,,,,,,,,,,,
S01-S13 directional,setup_probe_full.csv,SUIUSDT,15m,S07 failed-breakout,4.0,364.0,-0.2334,47.5275,277.0,-0.1195,50.1805,dead,,,,,,,,,,,,,,,,,
S01-S13 directional,setup_probe_full.csv,SUIUSDT,15m,S07 failed-breakout,8.0,364.0,-0.3188,43.1319,277.0,-0.2728,52.3466,dead,,,,,,,,,,,,,,,,,
S01-S13 directional,setup_probe_full.csv,SUIUSDT,15m,S07 failed-breakout,16.0,364.0,-0.4978,42.8571,277.0,-0.2359,54.8736,dead,,,,,,,,,,,,,,,,,
S01-S13 directional,setup_probe_full.csv,SUIUSDT,15m,S08 oi-purge-bounce,4.0,2648.0,-0.0561,52.3036,2772.0,-0.0956,50.7937,dead,,,,,,,,,,,,,,,,,
S01-S13 directional,setup_probe_full.csv,SUIUSDT,15m,S08 oi-purge-bounce,8.0,2648.0,-0.0402,52.5302,2771.0,-0.0676,51.7503,dead,,,,,,,,,,,,,,,,,
S01-S13 directional,setup_probe_full.csv,SUIUSDT,15m,S08 oi-purge-bounce,16.0,2648.0,-0.0896,49.8489,2770.0,-0.0789,50.9025,dead,,,,,,,,,,,,,,,,,
S01-S13 directional,setup_probe_full.csv,SUIUSDT,15m,S09 premium-fade,4.0,1411.0,-0.1533,46.3501,1258.0,-0.1428,50.7949,dead,,,,,,,,,,,,,,,,,
S01-S13 directional,setup_probe_full.csv,SUIUSDT,15m,S09 premium-fade,8.0,1411.0,-0.141,46.9171,1258.0,-0.2079,49.7615,dead,,,,,,,,,,,,,,,,,
S01-S13 directional,setup_probe_full.csv,SUIUSDT,15m,S09 premium-fade,16.0,1411.0,-0.1249,47.4132,1258.0,-0.1822,50.0795,dead,,,,,,,,,,,,,,,,,
S01-S13 directional,setup_probe_full.csv,SUIUSDT,15m,S10 delta-diverge,4.0,3787.0,-0.0645,54.5551,3420.0,-0.0793,55.1462,dead,,,,,,,,,,,,,,,,,
S01-S13 directional,setup_probe_full.csv,SUIUSDT,15m,S10 delta-diverge,8.0,3787.0,-0.0868,52.733,3420.0,-0.0672,55.2047,dead,,,,,,,,,,,,,,,,,
S01-S13 directional,setup_probe_full.csv,SUIUSDT,15m,S10 delta-diverge,16.0,3787.0,-0.1046,51.4127,3420.0,-0.0936,53.4503,dead,,,,,,,,,,,,,,,,,
S01-S13 directional,setup_probe_full.csv,SUIUSDT,15m,S11 stophunt-reentry,4.0,1438.0,-0.1106,51.9471,1260.0,-0.1249,51.4286,dead,,,,,,,,,,,,,,,,,
S01-S13 directional,setup_probe_full.csv,SUIUSDT,15m,S11 stophunt-reentry,8.0,1438.0,-0.0775,51.669,1260.0,-0.1508,49.7619,dead,,,,,,,,,,,,,,,,,
S01-S13 directional,setup_probe_full.csv,SUIUSDT,15m,S11 stophunt-reentry,16.0,1438.0,-0.1312,49.9305,1260.0,-0.203,49.127,dead,,,,,,,,,,,,,,,,,
S01-S13 directional,setup_probe_full.csv,SUIUSDT,15m,S12 compress-expand,4.0,385.0,-0.0193,50.9091,777.0,-0.0613,46.5894,dead,,,,,,,,,,,,,,,,,
S01-S13 directional,setup_probe_full.csv,SUIUSDT,15m,S12 compress-expand,8.0,385.0,0.0044,51.4286,777.0,-0.0789,47.8764,dead,,,,,,,,,,,,,,,,,
S01-S13 directional,setup_probe_full.csv,SUIUSDT,15m,S12 compress-expand,16.0,385.0,0.0744,54.8052,776.0,-0.0524,48.067,dead,,,,,,,,,,,,,,,,,
S01-S13 directional,setup_probe_full.csv,SUIUSDT,15m,S13 funding-flip,4.0,227.0,-0.0387,49.7797,284.0,-0.1343,51.7606,dead,,,,,,,,,,,,,,,,,
S01-S13 directional,setup_probe_full.csv,SUIUSDT,15m,S13 funding-flip,8.0,227.0,0.0451,50.6608,284.0,-0.1657,52.1127,dead,,,,,,,,,,,,,,,,,
S01-S13 directional,setup_probe_full.csv,SUIUSDT,15m,S13 funding-flip,16.0,227.0,0.0253,50.6608,284.0,-0.078,52.1127,dead,,,,,,,,,,,,,,,,,
S01-S13 directional,setup_probe_full.csv,SUIUSDT,1h,S01 sweep-reversal,4.0,754.0,-0.3326,46.6844,659.0,0.0631,53.1108,dead,,,,,,,,,,,,,,,,,
S01-S13 directional,setup_probe_full.csv,SUIUSDT,1h,S01 sweep-reversal,8.0,754.0,-0.4361,47.3475,659.0,0.0504,52.959,dead,,,,,,,,,,,,,,,,,
S01-S13 directional,setup_probe_full.csv,SUIUSDT,1h,S01 sweep-reversal,16.0,754.0,-0.4137,48.5411,658.0,0.1003,53.4954,dead,,,,,,,,,,,,,,,,,
S01-S13 directional,setup_probe_full.csv,SUIUSDT,1h,S02 vwap-fade,4.0,1320.0,-0.16,50.8333,755.0,-0.1213,56.6887,dead,,,,,,,,,,,,,,,,,
S01-S13 directional,setup_probe_full.csv,SUIUSDT,1h,S02 vwap-fade,8.0,1320.0,-0.1695,50.9091,755.0,0.0293,58.2781,dead,,,,,,,,,,,,,,,,,
S01-S13 directional,setup_probe_full.csv,SUIUSDT,1h,S02 vwap-fade,16.0,1320.0,0.0267,52.8788,755.0,0.4537,59.0728,PASS,,,,,,,,,,,,,,,,,
S01-S13 directional,setup_probe_full.csv,SUIUSDT,1h,S03 absorption,4.0,149.0,-0.2754,49.6644,190.0,-0.2298,51.0526,dead,,,,,,,,,,,,,,,,,
S01-S13 directional,setup_probe_full.csv,SUIUSDT,1h,S03 absorption,8.0,149.0,0.0546,51.6779,190.0,-0.0242,55.7895,dead,,,,,,,,,,,,,,,,,
S01-S13 directional,setup_probe_full.csv,SUIUSDT,1h,S03 absorption,16.0,149.0,0.0769,55.0336,190.0,-0.0472,47.8947,dead,,,,,,,,,,,,,,,,,
S01-S13 directional,setup_probe_full.csv,SUIUSDT,1h,S04 liq-bounce,4.0,183.0,-0.0385,44.8087,111.0,-0.4188,51.3514,dead,,,,,,,,,,,,,,,,,
S01-S13 directional,setup_probe_full.csv,SUIUSDT,1h,S04 liq-bounce,8.0,183.0,-0.2284,46.4481,111.0,-0.4048,52.2523,dead,,,,,,,,,,,,,,,,,
S01-S13 directional,setup_probe_full.csv,SUIUSDT,1h,S04 liq-bounce,16.0,183.0,-0.192,46.9945,111.0,-0.4249,53.1532,dead,,,,,,,,,,,,,,,,,
S01-S13 directional,setup_probe_full.csv,SUIUSDT,1h,S05 range-fade,4.0,369.0,-0.2232,48.7805,371.0,-0.1546,50.9434,dead,,,,,,,,,,,,,,,,,
S01-S13 directional,setup_probe_full.csv,SUIUSDT,1h,S05 range-fade,8.0,369.0,-0.3861,47.4255,371.0,-0.1175,50.1348,dead,,,,,,,,,,,,,,,,,
S01-S13 directional,setup_probe_full.csv,SUIUSDT,1h,S05 range-fade,16.0,369.0,-0.4443,43.9024,370.0,0.2124,55.1351,dead,,,,,,,,,,,,,,,,,
S01-S13 directional,setup_probe_full.csv,SUIUSDT,1h,S06 breakout-cont,4.0,220.0,-0.0034,52.2727,205.0,0.5988,48.2927,dead,,,,,,,,,,,,,,,,,
S01-S13 directional,setup_probe_full.csv,SUIUSDT,1h,S06 breakout-cont,8.0,220.0,0.1978,53.1818,205.0,0.62,48.2927,PASS,,,,,,,,,,,,,,,,,
S01-S13 directional,setup_probe_full.csv,SUIUSDT,1h,S06 breakout-cont,16.0,220.0,-0.0116,49.5455,204.0,0.2533,47.549,dead,,,,,,,,,,,,,,,,,
S01-S13 directional,setup_probe_full.csv,SUIUSDT,1h,S07 failed-breakout,4.0,79.0,,,53.0,,,insufficient,,,,,,,,,,,,,,,,,
S01-S13 directional,setup_probe_full.csv,SUIUSDT,1h,S07 failed-breakout,8.0,79.0,,,53.0,,,insufficient,,,,,,,,,,,,,,,,,
S01-S13 directional,setup_probe_full.csv,SUIUSDT,1h,S07 failed-breakout,16.0,79.0,,,53.0,,,insufficient,,,,,,,,,,,,,,,,,
S01-S13 directional,setup_probe_full.csv,SUIUSDT,1h,S08 oi-purge-bounce,4.0,662.0,-0.2026,50.3021,724.0,-0.061,52.3481,dead,,,,,,,,,,,,,,,,,
S01-S13 directional,setup_probe_full.csv,SUIUSDT,1h,S08 oi-purge-bounce,8.0,662.0,-0.208,48.6405,724.0,-0.0534,52.7624,dead,,,,,,,,,,,,,,,,,
S01-S13 directional,setup_probe_full.csv,SUIUSDT,1h,S08 oi-purge-bounce,16.0,662.0,-0.4391,46.8278,724.0,0.123,53.5912,dead,,,,,,,,,,,,,,,,,
S01-S13 directional,setup_probe_full.csv,SUIUSDT,1h,S09 premium-fade,4.0,313.0,-0.1141,47.9233,306.0,-0.0008,51.3072,dead,,,,,,,,,,,,,,,,,
S01-S13 directional,setup_probe_full.csv,SUIUSDT,1h,S09 premium-fade,8.0,313.0,0.0196,52.7157,306.0,-0.0014,50.0,dead,,,,,,,,,,,,,,,,,
S01-S13 directional,setup_probe_full.csv,SUIUSDT,1h,S09 premium-fade,16.0,313.0,0.1919,53.3546,306.0,-0.3325,47.0588,dead,,,,,,,,,,,,,,,,,
S01-S13 directional,setup_probe_full.csv,SUIUSDT,1h,S10 delta-diverge,4.0,1008.0,-0.2378,49.0079,868.0,-0.1218,54.2627,dead,,,,,,,,,,,,,,,,,
S01-S13 directional,setup_probe_full.csv,SUIUSDT,1h,S10 delta-diverge,8.0,1008.0,-0.3346,48.4127,868.0,-0.1758,51.8433,dead,,,,,,,,,,,,,,,,,
S01-S13 directional,setup_probe_full.csv,SUIUSDT,1h,S10 delta-diverge,16.0,1008.0,-0.4042,48.0159,868.0,-0.2211,53.1106,dead,,,,,,,,,,,,,,,,,
S01-S13 directional,setup_probe_full.csv,SUIUSDT,1h,S11 stophunt-reentry,4.0,336.0,-0.2142,48.5119,315.0,-0.0688,53.0159,dead,,,,,,,,,,,,,,,,,
S01-S13 directional,setup_probe_full.csv,SUIUSDT,1h,S11 stophunt-reentry,8.0,336.0,-0.2632,49.4048,315.0,-0.0591,50.7937,dead,,,,,,,,,,,,,,,,,
S01-S13 directional,setup_probe_full.csv,SUIUSDT,1h,S11 stophunt-reentry,16.0,336.0,-0.1117,48.8095,314.0,-0.0813,52.2293,dead,,,,,,,,,,,,,,,,,
S01-S13 directional,setup_probe_full.csv,SUIUSDT,1h,S12 compress-expand,4.0,147.0,-0.0456,48.2993,241.0,-0.2721,42.3237,dead,,,,,,,,,,,,,,,,,
S01-S13 directional,setup_probe_full.csv,SUIUSDT,1h,S12 compress-expand,8.0,147.0,-0.034,48.2993,240.0,-0.2281,44.5833,dead,,,,,,,,,,,,,,,,,
S01-S13 directional,setup_probe_full.csv,SUIUSDT,1h,S12 compress-expand,16.0,147.0,0.1753,51.0204,238.0,-0.1936,46.2185,dead,,,,,,,,,,,,,,,,,
S01-S13 directional,setup_probe_full.csv,SUIUSDT,1h,S13 funding-flip,4.0,227.0,-0.0113,47.1366,284.0,-0.1387,51.0563,dead,,,,,,,,,,,,,,,,,
S01-S13 directional,setup_probe_full.csv,SUIUSDT,1h,S13 funding-flip,8.0,227.0,-0.0831,51.1013,284.0,-0.1698,47.1831,dead,,,,,,,,,,,,,,,,,
S01-S13 directional,setup_probe_full.csv,SUIUSDT,1h,S13 funding-flip,16.0,227.0,-0.2897,48.8987,284.0,-0.2091,46.831,dead,,,,,,,,,,,,,,,,,
S01-S13 directional,setup_probe_full.csv,ADAUSDT,15m,S01 sweep-reversal,4.0,2764.0,-0.0417,53.7627,2414.0,-0.158,48.8815,dead,,,,,,,,,,,,,,,,,
S01-S13 directional,setup_probe_full.csv,ADAUSDT,15m,S01 sweep-reversal,8.0,2764.0,0.0094,54.233,2414.0,-0.1861,50.2486,dead,,,,,,,,,,,,,,,,,
S01-S13 directional,setup_probe_full.csv,ADAUSDT,15m,S01 sweep-reversal,16.0,2764.0,0.0019,51.1939,2412.0,-0.2559,48.01,dead,,,,,,,,,,,,,,,,,
S01-S13 directional,setup_probe_full.csv,ADAUSDT,15m,S02 vwap-fade,4.0,5295.0,-0.1193,53.0689,3809.0,-0.1656,50.4594,dead,,,,,,,,,,,,,,,,,
S01-S13 directional,setup_probe_full.csv,ADAUSDT,15m,S02 vwap-fade,8.0,5295.0,-0.1333,52.068,3809.0,-0.2233,50.6695,dead,,,,,,,,,,,,,,,,,
S01-S13 directional,setup_probe_full.csv,ADAUSDT,15m,S02 vwap-fade,16.0,5295.0,-0.2142,50.4249,3809.0,-0.3135,49.8031,dead,,,,,,,,,,,,,,,,,
S01-S13 directional,setup_probe_full.csv,ADAUSDT,15m,S03 absorption,4.0,735.0,-0.1892,49.3878,793.0,-0.1392,46.4061,dead,,,,,,,,,,,,,,,,,
S01-S13 directional,setup_probe_full.csv,ADAUSDT,15m,S03 absorption,8.0,735.0,-0.1491,47.619,793.0,-0.1748,48.2976,dead,,,,,,,,,,,,,,,,,
S01-S13 directional,setup_probe_full.csv,ADAUSDT,15m,S03 absorption,16.0,735.0,-0.2777,47.483,793.0,-0.0953,49.8108,dead,,,,,,,,,,,,,,,,,
S01-S13 directional,setup_probe_full.csv,ADAUSDT,15m,S04 liq-bounce,4.0,692.0,-0.0504,54.0462,422.0,-0.1538,51.1848,dead,,,,,,,,,,,,,,,,,
S01-S13 directional,setup_probe_full.csv,ADAUSDT,15m,S04 liq-bounce,8.0,692.0,0.0227,55.2023,422.0,-0.0845,54.2654,dead,,,,,,,,,,,,,,,,,
S01-S13 directional,setup_probe_full.csv,ADAUSDT,15m,S04 liq-bounce,16.0,692.0,0.1876,54.4798,422.0,0.005,52.8436,marginal,,,,,,,,,,,,,,,,,
S01-S13 directional,setup_probe_full.csv,ADAUSDT,15m,S05 range-fade,4.0,1550.0,-0.1427,50.6452,1484.0,-0.1248,53.3693,dead,,,,,,,,,,,,,,,,,
S01-S13 directional,setup_probe_full.csv,ADAUSDT,15m,S05 range-fade,8.0,1550.0,-0.1246,51.3548,1484.0,-0.1117,53.9084,dead,,,,,,,,,,,,,,,,,
S01-S13 directional,setup_probe_full.csv,ADAUSDT,15m,S05 range-fade,16.0,1550.0,-0.0086,52.5806,1484.0,-0.1702,51.9542,dead,,,,,,,,,,,,,,,,,
S01-S13 directional,setup_probe_full.csv,ADAUSDT,15m,S06 breakout-cont,4.0,875.0,-0.1235,45.4857,742.0,-0.0405,45.8221,dead,,,,,,,,,,,,,,,,,
S01-S13 directional,setup_probe_full.csv,ADAUSDT,15m,S06 breakout-cont,8.0,875.0,-0.1032,45.2571,742.0,0.0467,46.9003,dead,,,,,,,,,,,,,,,,,
S01-S13 directional,setup_probe_full.csv,ADAUSDT,15m,S06 breakout-cont,16.0,875.0,-0.0574,48.4571,742.0,0.0474,46.2264,dead,,,,,,,,,,,,,,,,,
S01-S13 directional,setup_probe_full.csv,ADAUSDT,15m,S07 failed-breakout,4.0,346.0,-0.1671,51.7341,228.0,-0.1032,48.2456,dead,,,,,,,,,,,,,,,,,
S01-S13 directional,setup_probe_full.csv,ADAUSDT,15m,S07 failed-breakout,8.0,346.0,-0.153,51.4451,228.0,-0.1395,54.386,dead,,,,,,,,,,,,,,,,,
S01-S13 directional,setup_probe_full.csv,ADAUSDT,15m,S07 failed-breakout,16.0,346.0,-0.2728,49.1329,228.0,-0.1652,58.7719,dead,,,,,,,,,,,,,,,,,
S01-S13 directional,setup_probe_full.csv,ADAUSDT,15m,S08 oi-purge-bounce,4.0,2638.0,-0.1446,49.2039,3083.0,-0.0806,50.6974,dead,,,,,,,,,,,,,,,,,
S01-S13 directional,setup_probe_full.csv,ADAUSDT,15m,S08 oi-purge-bounce,8.0,2638.0,-0.1103,50.3412,3079.0,-0.0829,49.8863,dead,,,,,,,,,,,,,,,,,
S01-S13 directional,setup_probe_full.csv,ADAUSDT,15m,S08 oi-purge-bounce,16.0,2638.0,-0.1104,49.166,3074.0,-0.1439,48.8289,dead,,,,,,,,,,,,,,,,,
S01-S13 directional,setup_probe_full.csv,ADAUSDT,15m,S09 premium-fade,4.0,1431.0,-0.15,46.0517,1262.0,-0.1917,49.4453,dead,,,,,,,,,,,,,,,,,
S01-S13 directional,setup_probe_full.csv,ADAUSDT,15m,S09 premium-fade,8.0,1431.0,-0.1685,48.5674,1262.0,-0.2232,49.1284,dead,,,,,,,,,,,,,,,,,
S01-S13 directional,setup_probe_full.csv,ADAUSDT,15m,S09 premium-fade,16.0,1431.0,-0.136,47.659,1260.0,-0.2521,50.873,dead,,,,,,,,,,,,,,,,,
S01-S13 directional,setup_probe_full.csv,ADAUSDT,15m,S10 delta-diverge,4.0,3790.0,-0.1036,51.9525,3369.0,-0.1424,52.0036,dead,,,,,,,,,,,,,,,,,
S01-S13 directional,setup_probe_full.csv,ADAUSDT,15m,S10 delta-diverge,8.0,3790.0,-0.0561,51.372,3368.0,-0.17,51.3955,dead,,,,,,,,,,,,,,,,,
S01-S13 directional,setup_probe_full.csv,ADAUSDT,15m,S10 delta-diverge,16.0,3790.0,-0.0532,50.6596,3368.0,-0.2242,49.139,dead,,,,,,,,,,,,,,,,,
S01-S13 directional,setup_probe_full.csv,ADAUSDT,15m,S11 stophunt-reentry,4.0,1409.0,-0.0715,49.6097,1094.0,-0.1662,46.0695,dead,,,,,,,,,,,,,,,,,
S01-S13 directional,setup_probe_full.csv,ADAUSDT,15m,S11 stophunt-reentry,8.0,1409.0,-0.0504,51.5259,1094.0,-0.188,45.8867,dead,,,,,,,,,,,,,,,,,
S01-S13 directional,setup_probe_full.csv,ADAUSDT,15m,S11 stophunt-reentry,16.0,1409.0,-0.0667,49.7516,1093.0,-0.163,47.9414,dead,,,,,,,,,,,,,,,,,
S01-S13 directional,setup_probe_full.csv,ADAUSDT,15m,S12 compress-expand,4.0,382.0,-0.0446,51.8325,608.0,-0.0886,46.0526,dead,,,,,,,,,,,,,,,,,
S01-S13 directional,setup_probe_full.csv,ADAUSDT,15m,S12 compress-expand,8.0,382.0,-0.0569,48.4293,608.0,-0.11,43.9145,dead,,,,,,,,,,,,,,,,,
S01-S13 directional,setup_probe_full.csv,ADAUSDT,15m,S12 compress-expand,16.0,382.0,-0.0381,48.1675,608.0,-0.0908,50.6579,dead,,,,,,,,,,,,,,,,,
S01-S13 directional,setup_probe_full.csv,ADAUSDT,15m,S13 funding-flip,4.0,180.0,-0.0331,51.1111,288.0,-0.1596,50.3472,dead,,,,,,,,,,,,,,,,,
S01-S13 directional,setup_probe_full.csv,ADAUSDT,15m,S13 funding-flip,8.0,180.0,0.1533,48.3333,288.0,-0.2615,45.1389,dead,,,,,,,,,,,,,,,,,
S01-S13 directional,setup_probe_full.csv,ADAUSDT,15m,S13 funding-flip,16.0,180.0,0.1795,48.3333,288.0,-0.2257,46.5278,dead,,,,,,,,,,,,,,,,,
S01-S13 directional,setup_probe_full.csv,ADAUSDT,1h,S01 sweep-reversal,4.0,718.0,-0.1418,48.468,692.0,-0.109,50.8671,dead,,,,,,,,,,,,,,,,,
S01-S13 directional,setup_probe_full.csv,ADAUSDT,1h,S01 sweep-reversal,8.0,718.0,-0.007,51.3928,692.0,-0.1067,50.1445,dead,,,,,,,,,,,,,,,,,
S01-S13 directional,setup_probe_full.csv,ADAUSDT,1h,S01 sweep-reversal,16.0,718.0,0.1976,54.039,690.0,-0.1313,48.9855,dead,,,,,,,,,,,,,,,,,
S01-S13 directional,setup_probe_full.csv,ADAUSDT,1h,S02 vwap-fade,4.0,1320.0,-0.0934,53.6364,1000.0,-0.1723,53.0,dead,,,,,,,,,,,,,,,,,
S01-S13 directional,setup_probe_full.csv,ADAUSDT,1h,S02 vwap-fade,8.0,1320.0,0.0011,54.0909,1000.0,-0.1482,54.2,dead,,,,,,,,,,,,,,,,,
S01-S13 directional,setup_probe_full.csv,ADAUSDT,1h,S02 vwap-fade,16.0,1320.0,0.3374,55.7576,997.0,-0.2009,52.5577,dead,,,,,,,,,,,,,,,,,
S01-S13 directional,setup_probe_full.csv,ADAUSDT,1h,S03 absorption,4.0,197.0,0.1221,49.2386,233.0,-0.0149,49.7854,dead,,,,,,,,,,,,,,,,,
S01-S13 directional,setup_probe_full.csv,ADAUSDT,1h,S03 absorption,8.0,197.0,0.0455,47.7157,232.0,0.0245,54.3103,marginal,,,,,,,,,,,,,,,,,
S01-S13 directional,setup_probe_full.csv,ADAUSDT,1h,S03 absorption,16.0,197.0,0.3918,53.8071,232.0,0.1662,53.4483,marginal,,,,,,,,,,,,,,,,,
S01-S13 directional,setup_probe_full.csv,ADAUSDT,1h,S04 liq-bounce,4.0,173.0,0.185,54.9133,91.0,,,insufficient,,,,,,,,,,,,,,,,,
S01-S13 directional,setup_probe_full.csv,ADAUSDT,1h,S04 liq-bounce,8.0,173.0,-0.2229,49.1329,91.0,,,insufficient,,,,,,,,,,,,,,,,,
S01-S13 directional,setup_probe_full.csv,ADAUSDT,1h,S04 liq-bounce,16.0,173.0,-0.1175,47.9769,91.0,,,insufficient,,,,,,,,,,,,,,,,,
S01-S13 directional,setup_probe_full.csv,ADAUSDT,1h,S05 range-fade,4.0,339.0,0.047,54.8673,328.0,-0.0097,53.6585,dead,,,,,,,,,,,,,,,,,
S01-S13 directional,setup_probe_full.csv,ADAUSDT,1h,S05 range-fade,8.0,339.0,0.0781,51.0324,328.0,0.1036,53.0488,marginal,,,,,,,,,,,,,,,,,
S01-S13 directional,setup_probe_full.csv,ADAUSDT,1h,S05 range-fade,16.0,339.0,0.3033,52.8024,328.0,0.2942,55.1829,PASS,,,,,,,,,,,,,,,,,
S01-S13 directional,setup_probe_full.csv,ADAUSDT,1h,S06 breakout-cont,4.0,188.0,0.0196,52.6596,196.0,0.2174,47.9592,marginal,,,,,,,,,,,,,,,,,
S01-S13 directional,setup_probe_full.csv,ADAUSDT,1h,S06 breakout-cont,8.0,188.0,0.1515,51.5957,196.0,0.1053,45.4082,marginal,,,,,,,,,,,,,,,,,
S01-S13 directional,setup_probe_full.csv,ADAUSDT,1h,S06 breakout-cont,16.0,188.0,-0.1326,48.4043,196.0,0.0766,43.3673,dead,,,,,,,,,,,,,,,,,
S01-S13 directional,setup_probe_full.csv,ADAUSDT,1h,S07 failed-breakout,4.0,69.0,,,49.0,,,insufficient,,,,,,,,,,,,,,,,,
S01-S13 directional,setup_probe_full.csv,ADAUSDT,1h,S07 failed-breakout,8.0,69.0,,,49.0,,,insufficient,,,,,,,,,,,,,,,,,
S01-S13 directional,setup_probe_full.csv,ADAUSDT,1h,S07 failed-breakout,16.0,69.0,,,49.0,,,insufficient,,,,,,,,,,,,,,,,,
S01-S13 directional,setup_probe_full.csv,ADAUSDT,1h,S08 oi-purge-bounce,4.0,661.0,-0.2029,51.1346,813.0,-0.1614,48.5855,dead,,,,,,,,,,,,,,,,,
S01-S13 directional,setup_probe_full.csv,ADAUSDT,1h,S08 oi-purge-bounce,8.0,661.0,-0.2025,49.0166,809.0,-0.1414,49.0729,dead,,,,,,,,,,,,,,,,,
S01-S13 directional,setup_probe_full.csv,ADAUSDT,1h,S08 oi-purge-bounce,16.0,661.0,-0.2787,49.4705,807.0,-0.1979,49.0706,dead,,,,,,,,,,,,,,,,,
S01-S13 directional,setup_probe_full.csv,ADAUSDT,1h,S09 premium-fade,4.0,335.0,-0.0005,51.6418,286.0,-0.0897,50.3497,dead,,,,,,,,,,,,,,,,,
S01-S13 directional,setup_probe_full.csv,ADAUSDT,1h,S09 premium-fade,8.0,335.0,0.2474,56.1194,286.0,-0.0737,48.6014,dead,,,,,,,,,,,,,,,,,
S01-S13 directional,setup_probe_full.csv,ADAUSDT,1h,S09 premium-fade,16.0,335.0,0.1347,53.4328,286.0,-0.195,51.3986,dead,,,,,,,,,,,,,,,,,
S01-S13 directional,setup_probe_full.csv,ADAUSDT,1h,S10 delta-diverge,4.0,952.0,-0.0325,54.0966,943.0,-0.2915,48.9926,dead,,,,,,,,,,,,,,,,,
S01-S13 directional,setup_probe_full.csv,ADAUSDT,1h,S10 delta-diverge,8.0,952.0,-0.038,52.8361,943.0,-0.3495,49.4168,dead,,,,,,,,,,,,,,,,,
S01-S13 directional,setup_probe_full.csv,ADAUSDT,1h,S10 delta-diverge,16.0,952.0,0.2521,54.937,941.0,-0.4069,48.3528,dead,,,,,,,,,,,,,,,,,
S01-S13 directional,setup_probe_full.csv,ADAUSDT,1h,S11 stophunt-reentry,4.0,367.0,-0.1513,50.9537,319.0,0.024,50.7837,dead,,,,,,,,,,,,,,,,,
S01-S13 directional,setup_probe_full.csv,ADAUSDT,1h,S11 stophunt-reentry,8.0,367.0,-0.1858,51.7711,319.0,0.2652,53.9185,dead,,,,,,,,,,,,,,,,,
S01-S13 directional,setup_probe_full.csv,ADAUSDT,1h,S11 stophunt-reentry,16.0,367.0,-0.1857,52.861,317.0,0.1601,50.7886,dead,,,,,,,,,,,,,,,,,
S01-S13 directional,setup_probe_full.csv,ADAUSDT,1h,S12 compress-expand,4.0,147.0,-0.1943,43.5374,237.0,-0.0347,47.6793,dead,,,,,,,,,,,,,,,,,
S01-S13 directional,setup_probe_full.csv,ADAUSDT,1h,S12 compress-expand,8.0,147.0,-0.1909,48.2993,237.0,-0.0392,47.6793,dead,,,,,,,,,,,,,,,,,
S01-S13 directional,setup_probe_full.csv,ADAUSDT,1h,S12 compress-expand,16.0,147.0,-0.2147,46.9388,237.0,-0.1087,48.1013,dead,,,,,,,,,,,,,,,,,
S01-S13 directional,setup_probe_full.csv,ADAUSDT,1h,S13 funding-flip,4.0,180.0,0.2236,51.1111,288.0,-0.2097,47.9167,dead,,,,,,,,,,,,,,,,,
S01-S13 directional,setup_probe_full.csv,ADAUSDT,1h,S13 funding-flip,8.0,180.0,0.2079,49.4444,288.0,-0.2275,46.5278,dead,,,,,,,,,,,,,,,,,
S01-S13 directional,setup_probe_full.csv,ADAUSDT,1h,S13 funding-flip,16.0,180.0,0.092,51.1111,288.0,-0.1726,48.6111,dead,,,,,,,,,,,,,,,,,
S01-S13 directional,setup_probe_full.csv,XRPUSDT,15m,S01 sweep-reversal,4.0,2732.0,-0.0817,53.0381,2682.0,-0.1043,52.61,dead,,,,,,,,,,,,,,,,,
S01-S13 directional,setup_probe_full.csv,XRPUSDT,15m,S01 sweep-reversal,8.0,2732.0,-0.0543,52.7086,2682.0,-0.0969,53.4303,dead,,,,,,,,,,,,,,,,,
S01-S13 directional,setup_probe_full.csv,XRPUSDT,15m,S01 sweep-reversal,16.0,2732.0,-0.077,51.0615,2681.0,-0.1306,51.436,dead,,,,,,,,,,,,,,,,,
S01-S13 directional,setup_probe_full.csv,XRPUSDT,15m,S02 vwap-fade,4.0,5295.0,-0.0872,55.4485,4110.0,-0.1372,52.6277,dead,,,,,,,,,,,,,,,,,
S01-S13 directional,setup_probe_full.csv,XRPUSDT,15m,S02 vwap-fade,8.0,5295.0,-0.0708,55.2786,4110.0,-0.1541,53.2847,dead,,,,,,,,,,,,,,,,,
S01-S13 directional,setup_probe_full.csv,XRPUSDT,15m,S02 vwap-fade,16.0,5295.0,-0.0832,52.899,4110.0,-0.2002,52.2384,dead,,,,,,,,,,,,,,,,,
S01-S13 directional,setup_probe_full.csv,XRPUSDT,15m,S03 absorption,4.0,590.0,-0.0056,53.3898,448.0,-0.1027,52.0089,dead,,,,,,,,,,,,,,,,,
S01-S13 directional,setup_probe_full.csv,XRPUSDT,15m,S03 absorption,8.0,590.0,-0.0064,54.5763,448.0,-0.1043,52.2321,dead,,,,,,,,,,,,,,,,,
S01-S13 directional,setup_probe_full.csv,XRPUSDT,15m,S03 absorption,16.0,590.0,-0.0179,53.8983,448.0,-0.0208,50.2232,dead,,,,,,,,,,,,,,,,,
S01-S13 directional,setup_probe_full.csv,XRPUSDT,15m,S04 liq-bounce,4.0,704.0,0.0539,55.9659,332.0,-0.0278,53.6145,dead,,,,,,,,,,,,,,,,,
S01-S13 directional,setup_probe_full.csv,XRPUSDT,15m,S04 liq-bounce,8.0,704.0,0.0614,55.5398,332.0,-0.0028,54.2169,dead,,,,,,,,,,,,,,,,,
S01-S13 directional,setup_probe_full.csv,XRPUSDT,15m,S04 liq-bounce,16.0,704.0,0.3421,56.9602,332.0,-0.0662,53.012,dead,,,,,,,,,,,,,,,,,
S01-S13 directional,setup_probe_full.csv,XRPUSDT,15m,S05 range-fade,4.0,1595.0,-0.1067,51.9122,1670.0,-0.1053,53.5329,dead,,,,,,,,,,,,,,,,,
S01-S13 directional,setup_probe_full.csv,XRPUSDT,15m,S05 range-fade,8.0,1595.0,-0.1084,52.3511,1670.0,-0.0951,54.3114,dead,,,,,,,,,,,,,,,,,
S01-S13 directional,setup_probe_full.csv,XRPUSDT,15m,S05 range-fade,16.0,1595.0,-0.0869,49.4671,1670.0,-0.1139,51.0778,dead,,,,,,,,,,,,,,,,,
S01-S13 directional,setup_probe_full.csv,XRPUSDT,15m,S06 breakout-cont,4.0,834.0,-0.1695,40.6475,828.0,-0.0893,47.5845,dead,,,,,,,,,,,,,,,,,
S01-S13 directional,setup_probe_full.csv,XRPUSDT,15m,S06 breakout-cont,8.0,834.0,-0.1988,42.0863,828.0,-0.0868,46.3768,dead,,,,,,,,,,,,,,,,,
S01-S13 directional,setup_probe_full.csv,XRPUSDT,15m,S06 breakout-cont,16.0,834.0,-0.1165,47.8417,828.0,-0.0564,46.256,dead,,,,,,,,,,,,,,,,,
S01-S13 directional,setup_probe_full.csv,XRPUSDT,15m,S07 failed-breakout,4.0,299.0,-0.1493,55.5184,286.0,-0.1067,51.049,dead,,,,,,,,,,,,,,,,,
S01-S13 directional,setup_probe_full.csv,XRPUSDT,15m,S07 failed-breakout,8.0,299.0,-0.1164,54.8495,286.0,-0.0338,52.7972,dead,,,,,,,,,,,,,,,,,
S01-S13 directional,setup_probe_full.csv,XRPUSDT,15m,S07 failed-breakout,16.0,299.0,-0.2324,50.5017,286.0,-0.0737,51.3986,dead,,,,,,,,,,,,,,,,,
S01-S13 directional,setup_probe_full.csv,XRPUSDT,15m,S08 oi-purge-bounce,4.0,2645.0,-0.0483,52.6654,1857.0,-0.0397,52.6117,dead,,,,,,,,,,,,,,,,,
S01-S13 directional,setup_probe_full.csv,XRPUSDT,15m,S08 oi-purge-bounce,8.0,2645.0,-0.0632,51.1909,1855.0,-0.0546,53.2615,dead,,,,,,,,,,,,,,,,,
S01-S13 directional,setup_probe_full.csv,XRPUSDT,15m,S08 oi-purge-bounce,16.0,2645.0,-0.0501,51.7202,1853.0,-0.1149,51.9158,dead,,,,,,,,,,,,,,,,,
S01-S13 directional,setup_probe_full.csv,XRPUSDT,15m,S09 premium-fade,4.0,1589.0,-0.1726,48.8357,1475.0,-0.1496,49.9661,dead,,,,,,,,,,,,,,,,,
S01-S13 directional,setup_probe_full.csv,XRPUSDT,15m,S09 premium-fade,8.0,1589.0,-0.2062,49.7797,1475.0,-0.1212,51.7288,dead,,,,,,,,,,,,,,,,,
S01-S13 directional,setup_probe_full.csv,XRPUSDT,15m,S09 premium-fade,16.0,1589.0,-0.2542,48.3952,1475.0,-0.108,52.2034,dead,,,,,,,,,,,,,,,,,
S01-S13 directional,setup_probe_full.csv,XRPUSDT,15m,S10 delta-diverge,4.0,3520.0,-0.0872,53.8636,3709.0,-0.1109,53.0871,dead,,,,,,,,,,,,,,,,,
S01-S13 directional,setup_probe_full.csv,XRPUSDT,15m,S10 delta-diverge,8.0,3520.0,-0.0765,54.0625,3709.0,-0.1048,53.6533,dead,,,,,,,,,,,,,,,,,
S01-S13 directional,setup_probe_full.csv,XRPUSDT,15m,S10 delta-diverge,16.0,3520.0,-0.078,51.7614,3708.0,-0.1313,50.5933,dead,,,,,,,,,,,,,,,,,
S01-S13 directional,setup_probe_full.csv,XRPUSDT,15m,S11 stophunt-reentry,4.0,1381.0,-0.11,50.1086,1245.0,-0.1176,49.0763,dead,,,,,,,,,,,,,,,,,
S01-S13 directional,setup_probe_full.csv,XRPUSDT,15m,S11 stophunt-reentry,8.0,1381.0,-0.0664,52.3534,1245.0,-0.1151,50.0402,dead,,,,,,,,,,,,,,,,,
S01-S13 directional,setup_probe_full.csv,XRPUSDT,15m,S11 stophunt-reentry,16.0,1381.0,-0.0881,50.9776,1245.0,-0.1315,50.3614,dead,,,,,,,,,,,,,,,,,
S01-S13 directional,setup_probe_full.csv,XRPUSDT,15m,S12 compress-expand,4.0,285.0,-0.1344,46.3158,510.0,-0.0536,45.6863,dead,,,,,,,,,,,,,,,,,
S01-S13 directional,setup_probe_full.csv,XRPUSDT,15m,S12 compress-expand,8.0,285.0,-0.1015,46.6667,510.0,-0.0591,47.6471,dead,,,,,,,,,,,,,,,,,
S01-S13 directional,setup_probe_full.csv,XRPUSDT,15m,S12 compress-expand,16.0,285.0,-0.1308,45.9649,510.0,-0.0068,48.4314,dead,,,,,,,,,,,,,,,,,
S01-S13 directional,setup_probe_full.csv,XRPUSDT,15m,S13 funding-flip,4.0,206.0,-0.105,52.9126,290.0,-0.0549,52.069,dead,,,,,,,,,,,,,,,,,
S01-S13 directional,setup_probe_full.csv,XRPUSDT,15m,S13 funding-flip,8.0,206.0,-0.1602,45.6311,290.0,-0.0765,50.3448,dead,,,,,,,,,,,,,,,,,
S01-S13 directional,setup_probe_full.csv,XRPUSDT,15m,S13 funding-flip,16.0,206.0,0.0547,47.0874,290.0,0.0043,54.8276,marginal,,,,,,,,,,,,,,,,,
S01-S13 directional,setup_probe_full.csv,XRPUSDT,1h,S01 sweep-reversal,4.0,635.0,-0.1754,50.8661,679.0,-0.0883,53.6082,dead,,,,,,,,,,,,,,,,,
S01-S13 directional,setup_probe_full.csv,XRPUSDT,1h,S01 sweep-reversal,8.0,635.0,-0.1775,54.4882,679.0,-0.0233,53.7555,dead,,,,,,,,,,,,,,,,,
S01-S13 directional,setup_probe_full.csv,XRPUSDT,1h,S01 sweep-reversal,16.0,635.0,-0.1296,52.7559,678.0,-0.1266,53.3923,dead,,,,,,,,,,,,,,,,,
S01-S13 directional,setup_probe_full.csv,XRPUSDT,1h,S02 vwap-fade,4.0,1320.0,-0.0737,55.0758,928.0,-0.0264,54.3103,dead,,,,,,,,,,,,,,,,,
S01-S13 directional,setup_probe_full.csv,XRPUSDT,1h,S02 vwap-fade,8.0,1320.0,-0.1399,56.2879,928.0,0.1178,57.1121,dead,,,,,,,,,,,,,,,,,
S01-S13 directional,setup_probe_full.csv,XRPUSDT,1h,S02 vwap-fade,16.0,1320.0,-0.0107,55.9091,928.0,0.3385,57.7586,dead,,,,,,,,,,,,,,,,,
S01-S13 directional,setup_probe_full.csv,XRPUSDT,1h,S03 absorption,4.0,167.0,-0.3073,50.8982,128.0,-0.1455,51.5625,dead,,,,,,,,,,,,,,,,,
S01-S13 directional,setup_probe_full.csv,XRPUSDT,1h,S03 absorption,8.0,167.0,-0.6806,44.3114,128.0,-0.2841,52.3438,dead,,,,,,,,,,,,,,,,,
S01-S13 directional,setup_probe_full.csv,XRPUSDT,1h,S03 absorption,16.0,167.0,-0.2556,51.497,128.0,-0.0506,49.2188,dead,,,,,,,,,,,,,,,,,
S01-S13 directional,setup_probe_full.csv,XRPUSDT,1h,S04 liq-bounce,4.0,172.0,0.3363,55.814,71.0,,,insufficient,,,,,,,,,,,,,,,,,
S01-S13 directional,setup_probe_full.csv,XRPUSDT,1h,S04 liq-bounce,8.0,172.0,0.0679,55.814,71.0,,,insufficient,,,,,,,,,,,,,,,,,
S01-S13 directional,setup_probe_full.csv,XRPUSDT,1h,S04 liq-bounce,16.0,172.0,0.2034,54.0698,71.0,,,insufficient,,,,,,,,,,,,,,,,,
S01-S13 directional,setup_probe_full.csv,XRPUSDT,1h,S05 range-fade,4.0,285.0,-0.1719,52.9825,401.0,-0.084,54.1147,dead,,,,,,,,,,,,,,,,,
S01-S13 directional,setup_probe_full.csv,XRPUSDT,1h,S05 range-fade,8.0,285.0,-0.1801,52.2807,401.0,0.0336,56.3591,dead,,,,,,,,,,,,,,,,,
S01-S13 directional,setup_probe_full.csv,XRPUSDT,1h,S05 range-fade,16.0,285.0,-0.341,50.1754,400.0,-0.0036,57.0,dead,,,,,,,,,,,,,,,,,
S01-S13 directional,setup_probe_full.csv,XRPUSDT,1h,S06 breakout-cont,4.0,174.0,-0.1045,48.8506,189.0,0.1578,52.9101,dead,,,,,,,,,,,,,,,,,
S01-S13 directional,setup_probe_full.csv,XRPUSDT,1h,S06 breakout-cont,8.0,174.0,0.0842,46.5517,189.0,0.0895,46.5608,marginal,,,,,,,,,,,,,,,,,
S01-S13 directional,setup_probe_full.csv,XRPUSDT,1h,S06 breakout-cont,16.0,174.0,0.0501,45.977,189.0,-0.1495,44.4444,dead,,,,,,,,,,,,,,,,,
S01-S13 directional,setup_probe_full.csv,XRPUSDT,1h,S07 failed-breakout,4.0,62.0,,,58.0,,,insufficient,,,,,,,,,,,,,,,,,
S01-S13 directional,setup_probe_full.csv,XRPUSDT,1h,S07 failed-breakout,8.0,62.0,,,58.0,,,insufficient,,,,,,,,,,,,,,,,,
S01-S13 directional,setup_probe_full.csv,XRPUSDT,1h,S07 failed-breakout,16.0,62.0,,,58.0,,,insufficient,,,,,,,,,,,,,,,,,
S01-S13 directional,setup_probe_full.csv,XRPUSDT,1h,S08 oi-purge-bounce,4.0,661.0,0.0631,52.3449,431.0,-0.1774,54.0603,dead,,,,,,,,,,,,,,,,,
S01-S13 directional,setup_probe_full.csv,XRPUSDT,1h,S08 oi-purge-bounce,8.0,661.0,-0.0865,51.1346,429.0,-0.2606,51.9814,dead,,,,,,,,,,,,,,,,,
S01-S13 directional,setup_probe_full.csv,XRPUSDT,1h,S08 oi-purge-bounce,16.0,661.0,-0.2352,51.5885,429.0,-0.3259,49.1841,dead,,,,,,,,,,,,,,,,,
S01-S13 directional,setup_probe_full.csv,XRPUSDT,1h,S09 premium-fade,4.0,362.0,-0.1315,52.7624,313.0,0.0674,54.9521,dead,,,,,,,,,,,,,,,,,
S01-S13 directional,setup_probe_full.csv,XRPUSDT,1h,S09 premium-fade,8.0,362.0,-0.0178,56.0773,313.0,0.1032,53.6741,dead,,,,,,,,,,,,,,,,,
S01-S13 directional,setup_probe_full.csv,XRPUSDT,1h,S09 premium-fade,16.0,362.0,0.4254,54.6961,312.0,0.0011,54.4872,marginal,,,,,,,,,,,,,,,,,
S01-S13 directional,setup_probe_full.csv,XRPUSDT,1h,S10 delta-diverge,4.0,858.0,-0.1966,52.9138,918.0,-0.1176,53.268,dead,,,,,,,,,,,,,,,,,
S01-S13 directional,setup_probe_full.csv,XRPUSDT,1h,S10 delta-diverge,8.0,858.0,-0.2571,53.8462,918.0,-0.0438,54.6841,dead,,,,,,,,,,,,,,,,,
S01-S13 directional,setup_probe_full.csv,XRPUSDT,1h,S10 delta-diverge,16.0,858.0,-0.4561,51.1655,918.0,-0.1102,52.5054,dead,,,,,,,,,,,,,,,,,
S01-S13 directional,setup_probe_full.csv,XRPUSDT,1h,S11 stophunt-reentry,4.0,299.0,-0.1521,51.1706,325.0,-0.0502,49.8462,dead,,,,,,,,,,,,,,,,,
S01-S13 directional,setup_probe_full.csv,XRPUSDT,1h,S11 stophunt-reentry,8.0,299.0,-0.3362,50.8361,325.0,-0.0189,49.5385,dead,,,,,,,,,,,,,,,,,
S01-S13 directional,setup_probe_full.csv,XRPUSDT,1h,S11 stophunt-reentry,16.0,299.0,-0.4137,49.4983,324.0,-0.0633,55.2469,dead,,,,,,,,,,,,,,,,,
S01-S13 directional,setup_probe_full.csv,XRPUSDT,1h,S12 compress-expand,4.0,122.0,-0.0395,53.2787,198.0,-0.0745,54.0404,dead,,,,,,,,,,,,,,,,,
S01-S13 directional,setup_probe_full.csv,XRPUSDT,1h,S12 compress-expand,8.0,122.0,0.0484,45.082,198.0,0.0457,44.4444,marginal,,,,,,,,,,,,,,,,,
S01-S13 directional,setup_probe_full.csv,XRPUSDT,1h,S12 compress-expand,16.0,122.0,-0.0055,49.1803,198.0,0.0912,50.5051,dead,,,,,,,,,,,,,,,,,
S01-S13 directional,setup_probe_full.csv,XRPUSDT,1h,S13 funding-flip,4.0,206.0,-0.0344,50.9709,290.0,-0.0033,53.4483,dead,,,,,,,,,,,,,,,,,
S01-S13 directional,setup_probe_full.csv,XRPUSDT,1h,S13 funding-flip,8.0,206.0,0.0168,49.0291,290.0,-0.0262,53.1034,dead,,,,,,,,,,,,,,,,,
S01-S13 directional,setup_probe_full.csv,XRPUSDT,1h,S13 funding-flip,16.0,206.0,-0.4256,48.5437,289.0,-0.1409,46.7128,dead,,,,,,,,,,,,,,,,,
S01-S13 directional,setup_probe_full.csv,DOTUSDT,15m,S01 sweep-reversal,4.0,2736.0,-0.079,52.8509,2203.0,-0.1213,51.1121,dead,,,,,,,,,,,,,,,,,
S01-S13 directional,setup_probe_full.csv,DOTUSDT,15m,S01 sweep-reversal,8.0,2736.0,-0.0717,51.2427,2203.0,-0.1545,50.9759,dead,,,,,,,,,,,,,,,,,
S01-S13 directional,setup_probe_full.csv,DOTUSDT,15m,S01 sweep-reversal,16.0,2736.0,-0.0992,50.5482,2203.0,-0.1332,51.6114,dead,,,,,,,,,,,,,,,,,
S01-S13 directional,setup_probe_full.csv,DOTUSDT,15m,S02 vwap-fade,4.0,5295.0,-0.1046,52.3513,4966.0,-0.1545,51.7116,dead,,,,,,,,,,,,,,,,,
S01-S13 directional,setup_probe_full.csv,DOTUSDT,15m,S02 vwap-fade,8.0,5295.0,-0.1286,51.6147,4966.0,-0.1842,52.3963,dead,,,,,,,,,,,,,,,,,
S01-S13 directional,setup_probe_full.csv,DOTUSDT,15m,S02 vwap-fade,16.0,5295.0,-0.2458,49.2918,4965.0,-0.2156,52.9909,dead,,,,,,,,,,,,,,,,,
S01-S13 directional,setup_probe_full.csv,DOTUSDT,15m,S03 absorption,4.0,800.0,-0.0997,50.125,1362.0,-0.0924,47.6505,dead,,,,,,,,,,,,,,,,,
S01-S13 directional,setup_probe_full.csv,DOTUSDT,15m,S03 absorption,8.0,800.0,-0.0842,51.125,1362.0,-0.0996,49.5595,dead,,,,,,,,,,,,,,,,,
S01-S13 directional,setup_probe_full.csv,DOTUSDT,15m,S03 absorption,16.0,800.0,-0.0732,52.5,1362.0,-0.1492,48.8253,dead,,,,,,,,,,,,,,,,,
S01-S13 directional,setup_probe_full.csv,DOTUSDT,15m,S04 liq-bounce,4.0,629.0,0.0266,57.5517,830.0,-0.1131,53.8554,dead,,,,,,,,,,,,,,,,,
S01-S13 directional,setup_probe_full.csv,DOTUSDT,15m,S04 liq-bounce,8.0,629.0,0.049,58.0286,830.0,-0.129,51.9277,dead,,,,,,,,,,,,,,,,,
S01-S13 directional,setup_probe_full.csv,DOTUSDT,15m,S04 liq-bounce,16.0,629.0,0.1679,55.9618,830.0,-0.1436,51.9277,dead,,,,,,,,,,,,,,,,,
S01-S13 directional,setup_probe_full.csv,DOTUSDT,15m,S05 range-fade,4.0,1590.0,-0.1248,48.4906,1448.0,-0.1181,48.5497,dead,,,,,,,,,,,,,,,,,
S01-S13 directional,setup_probe_full.csv,DOTUSDT,15m,S05 range-fade,8.0,1590.0,-0.1497,49.6226,1448.0,-0.1456,48.4116,dead,,,,,,,,,,,,,,,,,
S01-S13 directional,setup_probe_full.csv,DOTUSDT,15m,S05 range-fade,16.0,1590.0,-0.1635,48.7421,1448.0,-0.2084,45.3039,dead,,,,,,,,,,,,,,,,,
S01-S13 directional,setup_probe_full.csv,DOTUSDT,15m,S06 breakout-cont,4.0,955.0,-0.129,47.644,725.0,-0.0126,46.3448,dead,,,,,,,,,,,,,,,,,
S01-S13 directional,setup_probe_full.csv,DOTUSDT,15m,S06 breakout-cont,8.0,955.0,-0.1611,43.3508,725.0,0.1102,46.8966,dead,,,,,,,,,,,,,,,,,
S01-S13 directional,setup_probe_full.csv,DOTUSDT,15m,S06 breakout-cont,16.0,955.0,-0.0696,48.0628,724.0,0.1548,47.3757,dead,,,,,,,,,,,,,,,,,
S01-S13 directional,setup_probe_full.csv,DOTUSDT,15m,S07 failed-breakout,4.0,350.0,-0.0802,54.8571,198.0,-0.0756,52.0202,dead,,,,,,,,,,,,,,,,,
S01-S13 directional,setup_probe_full.csv,DOTUSDT,15m,S07 failed-breakout,8.0,350.0,-0.0645,55.1429,198.0,-0.1269,58.0808,dead,,,,,,,,,,,,,,,,,
S01-S13 directional,setup_probe_full.csv,DOTUSDT,15m,S07 failed-breakout,16.0,350.0,-0.2716,46.2857,197.0,0.0377,59.3909,dead,,,,,,,,,,,,,,,,,
S01-S13 directional,setup_probe_full.csv,DOTUSDT,15m,S08 oi-purge-bounce,4.0,2630.0,-0.1191,50.6844,4977.0,-0.1049,50.3717,dead,,,,,,,,,,,,,,,,,
S01-S13 directional,setup_probe_full.csv,DOTUSDT,15m,S08 oi-purge-bounce,8.0,2630.0,-0.0695,53.384,4974.0,-0.1025,50.2815,dead,,,,,,,,,,,,,,,,,
S01-S13 directional,setup_probe_full.csv,DOTUSDT,15m,S08 oi-purge-bounce,16.0,2630.0,-0.1096,51.597,4970.0,-0.0921,48.8129,dead,,,,,,,,,,,,,,,,,
S01-S13 directional,setup_probe_full.csv,DOTUSDT,15m,S09 premium-fade,4.0,1228.0,-0.1193,48.4528,1138.0,-0.12,48.9455,dead,,,,,,,,,,,,,,,,,
S01-S13 directional,setup_probe_full.csv,DOTUSDT,15m,S09 premium-fade,8.0,1228.0,-0.1145,49.5114,1138.0,-0.1561,48.6819,dead,,,,,,,,,,,,,,,,,
S01-S13 directional,setup_probe_full.csv,DOTUSDT,15m,S09 premium-fade,16.0,1228.0,-0.1291,49.7557,1138.0,-0.2131,49.1213,dead,,,,,,,,,,,,,,,,,
S01-S13 directional,setup_probe_full.csv,DOTUSDT,15m,S10 delta-diverge,4.0,3881.0,-0.0929,52.7957,3331.0,-0.1102,51.7863,dead,,,,,,,,,,,,,,,,,
S01-S13 directional,setup_probe_full.csv,DOTUSDT,15m,S10 delta-diverge,8.0,3881.0,-0.0902,52.3061,3331.0,-0.149,51.6061,dead,,,,,,,,,,,,,,,,,
S01-S13 directional,setup_probe_full.csv,DOTUSDT,15m,S10 delta-diverge,16.0,3881.0,-0.1351,51.1981,3330.0,-0.1898,50.9009,dead,,,,,,,,,,,,,,,,,
S01-S13 directional,setup_probe_full.csv,DOTUSDT,15m,S11 stophunt-reentry,4.0,1397.0,-0.1157,49.6779,1028.0,-0.1537,47.3735,dead,,,,,,,,,,,,,,,,,
S01-S13 directional,setup_probe_full.csv,DOTUSDT,15m,S11 stophunt-reentry,8.0,1397.0,-0.1057,48.8905,1028.0,-0.1886,46.5953,dead,,,,,,,,,,,,,,,,,
S01-S13 directional,setup_probe_full.csv,DOTUSDT,15m,S11 stophunt-reentry,16.0,1397.0,-0.1541,49.7495,1028.0,-0.1456,49.2218,dead,,,,,,,,,,,,,,,,,
S01-S13 directional,setup_probe_full.csv,DOTUSDT,15m,S12 compress-expand,4.0,435.0,-0.0569,52.4138,517.0,-0.0864,47.3888,dead,,,,,,,,,,,,,,,,,
S01-S13 directional,setup_probe_full.csv,DOTUSDT,15m,S12 compress-expand,8.0,435.0,-0.0413,50.8046,517.0,-0.1426,46.0348,dead,,,,,,,,,,,,,,,,,
S01-S13 directional,setup_probe_full.csv,DOTUSDT,15m,S12 compress-expand,16.0,435.0,-0.0271,50.1149,517.0,-0.1027,48.3559,dead,,,,,,,,,,,,,,,,,
S01-S13 directional,setup_probe_full.csv,DOTUSDT,15m,S13 funding-flip,4.0,194.0,-0.125,52.5773,272.0,-0.0889,49.2647,dead,,,,,,,,,,,,,,,,,
S01-S13 directional,setup_probe_full.csv,DOTUSDT,15m,S13 funding-flip,8.0,194.0,-0.0493,50.5155,272.0,-0.1431,48.8971,dead,,,,,,,,,,,,,,,,,
S01-S13 directional,setup_probe_full.csv,DOTUSDT,15m,S13 funding-flip,16.0,194.0,-0.1081,52.5773,272.0,-0.0509,45.9559,dead,,,,,,,,,,,,,,,,,
S01-S13 directional,setup_probe_full.csv,DOTUSDT,1h,S01 sweep-reversal,4.0,742.0,-0.2339,47.5741,631.0,0.0213,51.981,dead,,,,,,,,,,,,,,,,,
S01-S13 directional,setup_probe_full.csv,DOTUSDT,1h,S01 sweep-reversal,8.0,742.0,-0.21,47.9784,630.0,0.0346,54.6032,dead,,,,,,,,,,,,,,,,,
S01-S13 directional,setup_probe_full.csv,DOTUSDT,1h,S01 sweep-reversal,16.0,742.0,-0.2072,46.7655,630.0,0.0855,55.873,dead,,,,,,,,,,,,,,,,,
S01-S13 directional,setup_probe_full.csv,DOTUSDT,1h,S02 vwap-fade,4.0,1320.0,-0.1399,50.3788,1061.0,-0.1112,54.3827,dead,,,,,,,,,,,,,,,,,
S01-S13 directional,setup_probe_full.csv,DOTUSDT,1h,S02 vwap-fade,8.0,1320.0,-0.1389,49.1667,1061.0,0.1061,55.7022,dead,,,,,,,,,,,,,,,,,
S01-S13 directional,setup_probe_full.csv,DOTUSDT,1h,S02 vwap-fade,16.0,1320.0,-0.0193,50.1515,1061.0,0.2202,57.2102,dead,,,,,,,,,,,,,,,,,
S01-S13 directional,setup_probe_full.csv,DOTUSDT,1h,S03 absorption,4.0,211.0,0.0911,59.2417,322.0,-0.1262,50.6211,dead,,,,,,,,,,,,,,,,,
S01-S13 directional,setup_probe_full.csv,DOTUSDT,1h,S03 absorption,8.0,211.0,-0.1267,51.1848,322.0,-0.2199,51.2422,dead,,,,,,,,,,,,,,,,,
S01-S13 directional,setup_probe_full.csv,DOTUSDT,1h,S03 absorption,16.0,211.0,-0.4155,46.4455,321.0,0.0189,53.271,dead,,,,,,,,,,,,,,,,,
S01-S13 directional,setup_probe_full.csv,DOTUSDT,1h,S04 liq-bounce,4.0,155.0,0.1545,58.0645,200.0,-0.3315,48.0,dead,,,,,,,,,,,,,,,,,
S01-S13 directional,setup_probe_full.csv,DOTUSDT,1h,S04 liq-bounce,8.0,155.0,-0.0756,48.3871,200.0,-0.4685,49.5,dead,,,,,,,,,,,,,,,,,
S01-S13 directional,setup_probe_full.csv,DOTUSDT,1h,S04 liq-bounce,16.0,155.0,-0.4684,47.0968,200.0,-0.4674,52.0,dead,,,,,,,,,,,,,,,,,
S01-S13 directional,setup_probe_full.csv,DOTUSDT,1h,S05 range-fade,4.0,408.0,-0.2786,45.3431,311.0,-0.0531,51.4469,dead,,,,,,,,,,,,,,,,,
S01-S13 directional,setup_probe_full.csv,DOTUSDT,1h,S05 range-fade,8.0,408.0,-0.3842,41.1765,311.0,0.1371,55.627,dead,,,,,,,,,,,,,,,,,
S01-S13 directional,setup_probe_full.csv,DOTUSDT,1h,S05 range-fade,16.0,408.0,-0.3937,43.1373,310.0,0.4153,56.4516,dead,,,,,,,,,,,,,,,,,
S01-S13 directional,setup_probe_full.csv,DOTUSDT,1h,S06 breakout-cont,4.0,213.0,-0.1271,50.2347,180.0,0.0179,44.4444,dead,,,,,,,,,,,,,,,,,
S01-S13 directional,setup_probe_full.csv,DOTUSDT,1h,S06 breakout-cont,8.0,213.0,-0.0392,51.1737,180.0,-0.3223,40.5556,dead,,,,,,,,,,,,,,,,,
S01-S13 directional,setup_probe_full.csv,DOTUSDT,1h,S06 breakout-cont,16.0,213.0,-0.1105,50.2347,180.0,-0.4165,37.2222,dead,,,,,,,,,,,,,,,,,
S01-S13 directional,setup_probe_full.csv,DOTUSDT,1h,S07 failed-breakout,4.0,80.0,,,56.0,,,insufficient,,,,,,,,,,,,,,,,,
S01-S13 directional,setup_probe_full.csv,DOTUSDT,1h,S07 failed-breakout,8.0,80.0,,,56.0,,,insufficient,,,,,,,,,,,,,,,,,
S01-S13 directional,setup_probe_full.csv,DOTUSDT,1h,S07 failed-breakout,16.0,80.0,,,56.0,,,insufficient,,,,,,,,,,,,,,,,,
S01-S13 directional,setup_probe_full.csv,DOTUSDT,1h,S08 oi-purge-bounce,4.0,661.0,-0.2061,49.0166,1323.0,-0.0651,50.7937,dead,,,,,,,,,,,,,,,,,
S01-S13 directional,setup_probe_full.csv,DOTUSDT,1h,S08 oi-purge-bounce,8.0,661.0,-0.2394,45.8396,1323.0,-0.0125,50.4157,dead,,,,,,,,,,,,,,,,,
S01-S13 directional,setup_probe_full.csv,DOTUSDT,1h,S08 oi-purge-bounce,16.0,661.0,-0.4088,47.2012,1323.0,-0.0534,50.4913,dead,,,,,,,,,,,,,,,,,
S01-S13 directional,setup_probe_full.csv,DOTUSDT,1h,S09 premium-fade,4.0,306.0,-0.224,48.6928,268.0,-0.041,50.3731,dead,,,,,,,,,,,,,,,,,
S01-S13 directional,setup_probe_full.csv,DOTUSDT,1h,S09 premium-fade,8.0,306.0,0.0868,55.2288,268.0,-0.0279,50.7463,dead,,,,,,,,,,,,,,,,,
S01-S13 directional,setup_probe_full.csv,DOTUSDT,1h,S09 premium-fade,16.0,306.0,-0.2544,49.3464,268.0,-0.3209,50.0,dead,,,,,,,,,,,,,,,,,
S01-S13 directional,setup_probe_full.csv,DOTUSDT,1h,S10 delta-diverge,4.0,1011.0,-0.2387,47.6756,844.0,-0.2326,51.6588,dead,,,,,,,,,,,,,,,,,
S01-S13 directional,setup_probe_full.csv,DOTUSDT,1h,S10 delta-diverge,8.0,1011.0,-0.3119,44.906,843.0,-0.0926,55.0415,dead,,,,,,,,,,,,,,,,,
S01-S13 directional,setup_probe_full.csv,DOTUSDT,1h,S10 delta-diverge,16.0,1011.0,-0.2464,44.3126,843.0,0.0475,55.2788,dead,,,,,,,,,,,,,,,,,
S01-S13 directional,setup_probe_full.csv,DOTUSDT,1h,S11 stophunt-reentry,4.0,362.0,-0.4374,41.989,278.0,0.1433,54.6763,dead,,,,,,,,,,,,,,,,,
S01-S13 directional,setup_probe_full.csv,DOTUSDT,1h,S11 stophunt-reentry,8.0,362.0,-0.4226,43.3702,278.0,0.2078,57.9137,dead,,,,,,,,,,,,,,,,,
S01-S13 directional,setup_probe_full.csv,DOTUSDT,1h,S11 stophunt-reentry,16.0,362.0,-0.3269,44.7514,278.0,0.1618,56.1151,dead,,,,,,,,,,,,,,,,,
S01-S13 directional,setup_probe_full.csv,DOTUSDT,1h,S12 compress-expand,4.0,160.0,0.075,51.25,194.0,0.1428,51.5464,marginal,,,,,,,,,,,,,,,,,
S01-S13 directional,setup_probe_full.csv,DOTUSDT,1h,S12 compress-expand,8.0,160.0,0.2855,52.5,194.0,-0.0063,49.4845,dead,,,,,,,,,,,,,,,,,
S01-S13 directional,setup_probe_full.csv,DOTUSDT,1h,S12 compress-expand,16.0,160.0,0.4812,53.75,194.0,-0.1817,47.4227,dead,,,,,,,,,,,,,,,,,
S01-S13 directional,setup_probe_full.csv,DOTUSDT,1h,S13 funding-flip,4.0,194.0,-0.0602,49.4845,272.0,-0.0711,53.6765,dead,,,,,,,,,,,,,,,,,
S01-S13 directional,setup_probe_full.csv,DOTUSDT,1h,S13 funding-flip,8.0,194.0,0.0898,45.8763,272.0,-0.0527,49.6324,dead,,,,,,,,,,,,,,,,,
S01-S13 directional,setup_probe_full.csv,DOTUSDT,1h,S13 funding-flip,16.0,194.0,0.0396,50.5155,272.0,-0.1721,49.6324,dead,,,,,,,,,,,,,,,,,
S14-S19 directional,appendix_b_full.csv,ETHUSDT,15m,S14 fund-snapshot,2.0,166.0,,40.9639,145.0,,38.6207,dead,-0.1493,-0.1465,-0.1185,21.8961,,,,,,,,,,,,,
S14-S19 directional,appendix_b_full.csv,ETHUSDT,15m,S14 fund-snapshot,4.0,166.0,,39.1566,145.0,,44.1379,dead,-0.2931,-0.1235,-0.0298,20.714,,,,,,,,,,,,,
S14-S19 directional,appendix_b_full.csv,SOLUSDT,15m,S14 fund-snapshot,2.0,166.0,,43.9759,177.0,,44.6328,dead,-0.1366,-0.0826,-0.0501,22.2165,,,,,,,,,,,,,
S14-S19 directional,appendix_b_full.csv,SOLUSDT,15m,S14 fund-snapshot,4.0,166.0,,48.7952,177.0,,42.3729,dead,-0.1852,-0.0906,-0.0762,27.5558,,,,,,,,,,,,,
S14-S19 directional,appendix_b_full.csv,DOGEUSDT,15m,S14 fund-snapshot,2.0,166.0,,42.1687,120.0,,44.1667,dead,-0.2084,-0.0372,-0.0847,12.7801,,,,,,,,,,,,,
S14-S19 directional,appendix_b_full.csv,DOGEUSDT,15m,S14 fund-snapshot,4.0,166.0,,40.9639,120.0,,50.0,dead,-0.3132,-0.0115,0.0046,14.348,,,,,,,,,,,,,
S14-S19 directional,appendix_b_full.csv,AVAXUSDT,15m,S14 fund-snapshot,2.0,143.0,,44.7552,179.0,,44.6927,dead,-0.0606,-0.1299,-0.0555,27.329,,,,,,,,,,,,,
S14-S19 directional,appendix_b_full.csv,AVAXUSDT,15m,S14 fund-snapshot,4.0,143.0,,48.951,179.0,,45.2514,dead,-0.0496,-0.123,-0.0559,25.2315,,,,,,,,,,,,,
S14-S19 directional,appendix_b_full.csv,LINKUSDT,15m,S14 fund-snapshot,2.0,166.0,,44.5783,82.0,,51.2195,dead,-0.1322,-0.0079,0.0145,10.112,,,,,,,,,,,,,
S14-S19 directional,appendix_b_full.csv,LINKUSDT,15m,S14 fund-snapshot,4.0,166.0,,45.7831,82.0,,42.6829,dead,-0.1696,0.0434,-0.11,12.2981,,,,,,,,,,,,,
S14-S19 directional,appendix_b_full.csv,NEARUSDT,15m,S14 fund-snapshot,2.0,107.0,,40.1869,80.0,,43.75,dead,-0.1875,-0.13,-0.1729,13.5563,,,,,,,,,,,,,
S14-S19 directional,appendix_b_full.csv,NEARUSDT,15m,S14 fund-snapshot,4.0,107.0,,37.3832,80.0,,50.0,dead,-0.3769,0.0128,0.0057,10.2769,,,,,,,,,,,,,
S14-S19 directional,appendix_b_full.csv,APTUSDT,15m,S14 fund-snapshot,2.0,138.0,,52.8986,310.0,,38.0645,dead,-0.0342,-0.223,-0.1603,72.4747,,,,,,,,,,,,,
S14-S19 directional,appendix_b_full.csv,APTUSDT,15m,S14 fund-snapshot,4.0,138.0,,51.4493,310.0,,40.9677,dead,-0.0271,-0.2055,-0.131,65.2049,,,,,,,,,,,,,
S14-S19 directional,appendix_b_full.csv,ARBUSDT,15m,S14 fund-snapshot,2.0,131.0,,50.3817,151.0,,45.6954,dead,-0.029,-0.1302,-0.078,33.025,,,,,,,,,,,,,
S14-S19 directional,appendix_b_full.csv,ARBUSDT,15m,S14 fund-snapshot,4.0,131.0,,49.6183,151.0,,51.6556,dead,-0.0253,-0.0507,0.0489,24.6757,,,,,,,,,,,,,
S14-S19 directional,appendix_b_full.csv,OPUSDT,15m,S14 fund-snapshot,2.0,166.0,,34.3373,156.0,,42.3077,dead,-0.2296,-0.2128,-0.1426,32.6921,,,,,,,,,,,,,
S14-S19 directional,appendix_b_full.csv,OPUSDT,15m,S14 fund-snapshot,4.0,166.0,,42.7711,156.0,,39.7436,dead,-0.1592,-0.2865,-0.1499,43.9843,,,,,,,,,,,,,
S14-S19 directional,appendix_b_full.csv,SUIUSDT,15m,S14 fund-snapshot,2.0,166.0,,47.5904,123.0,,40.6504,dead,-0.1046,-0.1049,-0.0989,18.6154,,,,,,,,,,,,,
S14-S19 directional,appendix_b_full.csv,SUIUSDT,15m,S14 fund-snapshot,4.0,166.0,,46.988,123.0,,41.4634,dead,-0.1854,-0.063,-0.1204,20.7382,,,,,,,,,,,,,
S14-S19 directional,appendix_b_full.csv,ADAUSDT,15m,S14 fund-snapshot,2.0,166.0,,45.1807,180.0,,40.0,dead,0.0291,-0.1864,-0.11,35.426,,,,,,,,,,,,,
S14-S19 directional,appendix_b_full.csv,ADAUSDT,15m,S14 fund-snapshot,4.0,166.0,,50.6024,180.0,,41.1111,dead,0.0774,-0.1787,-0.1196,36.6216,,,,,,,,,,,,,
S14-S19 directional,appendix_b_full.csv,XRPUSDT,15m,S14 fund-snapshot,2.0,166.0,,44.5783,130.0,,40.7692,dead,-0.1865,-0.17,-0.0855,26.6977,,,,,,,,,,,,,
S14-S19 directional,appendix_b_full.csv,XRPUSDT,15m,S14 fund-snapshot,4.0,166.0,,39.759,130.0,,41.5385,dead,-0.3522,-0.191,-0.1477,31.2354,,,,,,,,,,,,,
S14-S19 directional,appendix_b_full.csv,DOTUSDT,15m,S14 fund-snapshot,2.0,129.0,,46.5116,200.0,,44.0,dead,-0.0829,-0.0238,-0.11,11.6058,,,,,,,,,,,,,
S14-S19 directional,appendix_b_full.csv,DOTUSDT,15m,S14 fund-snapshot,4.0,129.0,,50.3876,200.0,,43.5,dead,-0.0622,-0.0256,-0.11,14.9654,,,,,,,,,,,,,
S14-S19 directional,appendix_b_full.csv,ETHUSDT,1h,S15 coiled-spring,8.0,5.0,,60.0,11.0,,63.6364,insufficient,0.0392,0.7632,0.4378,3.8094,,,,,,,,,,,,,
S14-S19 directional,appendix_b_full.csv,ETHUSDT,1h,S15 coiled-spring,16.0,5.0,,40.0,11.0,,45.4545,insufficient,-0.5854,0.4127,-0.0922,3.1125,,,,,,,,,,,,,
S14-S19 directional,appendix_b_full.csv,SOLUSDT,1h,S15 coiled-spring,8.0,13.0,,38.4615,5.0,,60.0,insufficient,-1.1001,2.265,0.6224,0.4417,,,,,,,,,,,,,
S14-S19 directional,appendix_b_full.csv,SOLUSDT,1h,S15 coiled-spring,16.0,13.0,,38.4615,5.0,,40.0,insufficient,-1.3249,2.1446,-0.3119,0.4,,,,,,,,,,,,,
S14-S19 directional,appendix_b_full.csv,DOGEUSDT,1h,S15 coiled-spring,8.0,10.0,,60.0,20.0,,45.0,insufficient,0.5934,1.2967,-0.3512,7.1212,,,,,,,,,,,,,
S14-S19 directional,appendix_b_full.csv,DOGEUSDT,1h,S15 coiled-spring,16.0,9.0,,55.5556,20.0,,50.0,insufficient,0.8796,1.3281,0.1512,6.8932,,,,,,,,,,,,,
S14-S19 directional,appendix_b_full.csv,AVAXUSDT,1h,S15 coiled-spring,8.0,14.0,,57.1429,16.0,,43.75,insufficient,1.1177,1.0535,-0.4699,5.6455,,,,,,,,,,,,,
S14-S19 directional,appendix_b_full.csv,AVAXUSDT,1h,S15 coiled-spring,16.0,14.0,,78.5714,15.0,,46.6667,insufficient,1.5965,1.5337,-0.4521,6.0678,,,,,,,,,,,,,
S14-S19 directional,appendix_b_full.csv,LINKUSDT,1h,S15 coiled-spring,8.0,21.0,,42.8571,9.0,,66.6667,insufficient,-0.5037,0.5223,0.5466,3.0287,,,,,,,,,,,,,
S14-S19 directional,appendix_b_full.csv,LINKUSDT,1h,S15 coiled-spring,16.0,21.0,,61.9048,9.0,,33.3333,insufficient,0.1155,-0.0472,-0.6933,8.4493,,,,,,,,,,,,,
S14-S19 directional,appendix_b_full.csv,NEARUSDT,1h,S15 coiled-spring,8.0,22.0,,59.0909,30.0,,53.3333,insufficient,0.0314,0.7193,0.1833,6.3535,,,,,,,,,,,,,
S14-S19 directional,appendix_b_full.csv,NEARUSDT,1h,S15 coiled-spring,16.0,21.0,,52.381,29.0,,44.8276,insufficient,-0.655,2.1941,-0.5787,7.2847,,,,,,,,,,,,,
S14-S19 directional,appendix_b_full.csv,APTUSDT,1h,S15 coiled-spring,8.0,18.0,,66.6667,25.0,,56.0,insufficient,0.593,0.5412,0.2992,2.8783,,,,,,,,,,,,,
S14-S19 directional,appendix_b_full.csv,APTUSDT,1h,S15 coiled-spring,16.0,18.0,,66.6667,24.0,,41.6667,insufficient,0.2954,-0.0723,-0.2483,9.7105,,,,,,,,,,,,,
S14-S19 directional,appendix_b_full.csv,ARBUSDT,1h,S15 coiled-spring,8.0,24.0,,58.3333,25.0,,52.0,insufficient,1.0641,0.4299,0.0986,5.4101,,,,,,,,,,,,,
S14-S19 directional,appendix_b_full.csv,ARBUSDT,1h,S15 coiled-spring,16.0,23.0,,56.5217,24.0,,54.1667,insufficient,1.2362,0.94,0.2546,4.4532,,,,,,,,,,,,,
S14-S19 directional,appendix_b_full.csv,OPUSDT,1h,S15 coiled-spring,8.0,13.0,,69.2308,25.0,,24.0,insufficient,1.8366,-1.0234,-0.4324,25.1863,,,,,,,,,,,,,
S14-S19 directional,appendix_b_full.csv,OPUSDT,1h,S15 coiled-spring,16.0,13.0,,69.2308,25.0,,44.0,insufficient,2.4024,-0.5739,-0.6847,26.2967,,,,,,,,,,,,,
S14-S19 directional,appendix_b_full.csv,SUIUSDT,1h,S15 coiled-spring,8.0,8.0,,37.5,21.0,,66.6667,insufficient,-1.0691,1.5434,0.5321,7.2498,,,,,,,,,,,,,
S14-S19 directional,appendix_b_full.csv,SUIUSDT,1h,S15 coiled-spring,16.0,8.0,,37.5,20.0,,60.0,insufficient,-3.0874,2.5988,1.7071,9.5386,,,,,,,,,,,,,
S14-S19 directional,appendix_b_full.csv,ADAUSDT,1h,S15 coiled-spring,8.0,11.0,,72.7273,21.0,,57.1429,insufficient,0.5347,-0.1164,0.2006,8.161,,,,,,,,,,,,,
S14-S19 directional,appendix_b_full.csv,ADAUSDT,1h,S15 coiled-spring,16.0,11.0,,63.6364,21.0,,52.381,insufficient,0.5388,0.443,0.1617,6.3989,,,,,,,,,,,,,
S14-S19 directional,appendix_b_full.csv,XRPUSDT,1h,S15 coiled-spring,8.0,4.0,,75.0,12.0,,66.6667,insufficient,1.4846,1.1599,0.9608,3.8007,,,,,,,,,,,,,
S14-S19 directional,appendix_b_full.csv,XRPUSDT,1h,S15 coiled-spring,16.0,4.0,,50.0,12.0,,75.0,insufficient,2.8561,0.8187,0.7212,3.6362,,,,,,,,,,,,,
S14-S19 directional,appendix_b_full.csv,DOTUSDT,1h,S15 coiled-spring,8.0,20.0,,55.0,23.0,,47.8261,insufficient,0.4013,0.2895,-0.4366,11.4318,,,,,,,,,,,,,
S14-S19 directional,appendix_b_full.csv,DOTUSDT,1h,S15 coiled-spring,16.0,20.0,,50.0,22.0,,45.4545,insufficient,-0.7227,-0.327,-0.2336,19.6934,,,,,,,,,,,,,
S14-S19 directional,appendix_b_full.csv,ETHUSDT,1h,S16 cvd-exhaustion,8.0,139.0,,53.2374,128.0,,49.2188,dead,-0.0295,-0.3131,-0.011,47.838,,,,,,,,,,,,,
S14-S19 directional,appendix_b_full.csv,ETHUSDT,1h,S16 cvd-exhaustion,16.0,118.0,,55.9322,110.0,,48.1818,dead,-0.0701,-0.1488,-0.099,39.5962,,,,,,,,,,,,,
S14-S19 directional,appendix_b_full.csv,SOLUSDT,1h,S16 cvd-exhaustion,8.0,148.0,,43.9189,150.0,,54.6667,dead,-0.3452,-0.0722,0.0595,39.3482,,,,,,,,,,,,,
S14-S19 directional,appendix_b_full.csv,SOLUSDT,1h,S16 cvd-exhaustion,16.0,125.0,,48.8,133.0,,46.6165,dead,-0.0801,-0.0064,-0.11,35.4975,,,,,,,,,,,,,
S14-S19 directional,appendix_b_full.csv,DOGEUSDT,1h,S16 cvd-exhaustion,8.0,129.0,,46.5116,156.0,,50.0,dead,-0.0337,-0.1525,-0.0093,24.858,,,,,,,,,,,,,
S14-S19 directional,appendix_b_full.csv,DOGEUSDT,1h,S16 cvd-exhaustion,16.0,113.0,,46.9027,137.0,,56.2044,dead,-0.1898,0.1048,0.4497,23.1047,,,,,,,,,,,,,
S14-S19 directional,appendix_b_full.csv,AVAXUSDT,1h,S16 cvd-exhaustion,8.0,157.0,,42.6752,171.0,,46.1988,dead,-0.491,-0.1586,-0.1903,53.7253,,,,,,,,,,,,,
S14-S19 directional,appendix_b_full.csv,AVAXUSDT,1h,S16 cvd-exhaustion,16.0,134.0,,41.0448,151.0,,52.3179,dead,-0.5734,-0.124,0.1967,63.0647,,,,,,,,,,,,,
S14-S19 directional,appendix_b_full.csv,LINKUSDT,1h,S16 cvd-exhaustion,8.0,123.0,,43.9024,142.0,,52.1127,dead,-0.1195,-0.069,0.0248,35.4866,,,,,,,,,,,,,
S14-S19 directional,appendix_b_full.csv,LINKUSDT,1h,S16 cvd-exhaustion,16.0,108.0,,48.1481,119.0,,53.7815,dead,-0.1,0.0761,0.2169,40.0639,,,,,,,,,,,,,
S14-S19 directional,appendix_b_full.csv,NEARUSDT,1h,S16 cvd-exhaustion,8.0,146.0,,47.9452,174.0,,51.1494,marginal,0.0013,0.1107,0.0438,38.8208,,,,,,,,,,,,,
S14-S19 directional,appendix_b_full.csv,NEARUSDT,1h,S16 cvd-exhaustion,16.0,127.0,,49.6063,155.0,,52.9032,dead,-0.0697,0.31,0.2818,32.6134,,,,,,,,,,,,,
S14-S19 directional,appendix_b_full.csv,APTUSDT,1h,S16 cvd-exhaustion,8.0,143.0,,42.6573,167.0,,55.6886,dead,-0.3952,0.2747,0.285,38.6017,,,,,,,,,,,,,
S14-S19 directional,appendix_b_full.csv,APTUSDT,1h,S16 cvd-exhaustion,16.0,123.0,,50.4065,144.0,,61.1111,PASS,0.0185,0.7076,0.8555,30.4924,,,,,,,,,,,,,
S14-S19 directional,appendix_b_full.csv,ARBUSDT,1h,S16 cvd-exhaustion,8.0,128.0,,39.0625,166.0,,54.8193,dead,-0.9024,0.2072,0.3252,24.5232,,,,,,,,,,,,,
S14-S19 directional,appendix_b_full.csv,ARBUSDT,1h,S16 cvd-exhaustion,16.0,110.0,,44.5455,148.0,,54.0541,dead,-0.7699,0.1353,0.2821,29.3025,,,,,,,,,,,,,
S14-S19 directional,appendix_b_full.csv,OPUSDT,1h,S16 cvd-exhaustion,8.0,116.0,,38.7931,171.0,,53.2164,dead,-0.5461,-0.1378,0.2845,38.5285,,,,,,,,,,,,,
S14-S19 directional,appendix_b_full.csv,OPUSDT,1h,S16 cvd-exhaustion,16.0,101.0,,40.5941,144.0,,54.8611,dead,-1.0165,-0.3382,0.3696,71.8844,,,,,,,,,,,,,
S14-S19 directional,appendix_b_full.csv,SUIUSDT,1h,S16 cvd-exhaustion,8.0,131.0,,41.2214,136.0,,45.5882,dead,-0.5244,-0.4532,-0.3629,76.6386,,,,,,,,,,,,,
S14-S19 directional,appendix_b_full.csv,SUIUSDT,1h,S16 cvd-exhaustion,16.0,113.0,,45.1327,117.0,,41.8803,dead,-0.3976,-0.667,-0.4264,96.7435,,,,,,,,,,,,,
S14-S19 directional,appendix_b_full.csv,ADAUSDT,1h,S16 cvd-exhaustion,8.0,143.0,,51.049,164.0,,45.122,dead,0.081,-0.119,-0.1285,35.9236,,,,,,,,,,,,,
S14-S19 directional,appendix_b_full.csv,ADAUSDT,1h,S16 cvd-exhaustion,16.0,119.0,,48.7395,146.0,,47.2603,dead,-0.1165,-0.2367,-0.2357,49.6726,,,,,,,,,,,,,
S14-S19 directional,appendix_b_full.csv,XRPUSDT,1h,S16 cvd-exhaustion,8.0,114.0,,50.0,124.0,,54.8387,dead,-0.1999,-0.0998,0.1706,36.6476,,,,,,,,,,,,,
S14-S19 directional,appendix_b_full.csv,XRPUSDT,1h,S16 cvd-exhaustion,16.0,100.0,,51.0,110.0,,53.6364,dead,-0.0319,-0.0193,0.1194,38.0673,,,,,,,,,,,,,
S14-S19 directional,appendix_b_full.csv,DOTUSDT,1h,S16 cvd-exhaustion,8.0,140.0,,42.8571,166.0,,59.0361,dead,-0.1391,0.5478,0.5005,15.6211,,,,,,,,,,,,,
S14-S19 directional,appendix_b_full.csv,DOTUSDT,1h,S16 cvd-exhaustion,16.0,119.0,,45.3782,144.0,,58.3333,PASS,0.072,0.4148,0.5186,39.992,,,,,,,,,,,,,
S14-S19 directional,appendix_b_full.csv,ETHUSDT,1h,S17 toxic-flow,8.0,0.0,,,0.0,,,insufficient,,,,,,,,,,,,,,,,,
S14-S19 directional,appendix_b_full.csv,ETHUSDT,1h,S17 toxic-flow,16.0,0.0,,,0.0,,,insufficient,,,,,,,,,,,,,,,,,
S14-S19 directional,appendix_b_full.csv,SOLUSDT,1h,S17 toxic-flow,8.0,0.0,,,0.0,,,insufficient,,,,,,,,,,,,,,,,,
S14-S19 directional,appendix_b_full.csv,SOLUSDT,1h,S17 toxic-flow,16.0,0.0,,,0.0,,,insufficient,,,,,,,,,,,,,,,,,
S14-S19 directional,appendix_b_full.csv,DOGEUSDT,1h,S17 toxic-flow,8.0,0.0,,,0.0,,,insufficient,,,,,,,,,,,,,,,,,
S14-S19 directional,appendix_b_full.csv,DOGEUSDT,1h,S17 toxic-flow,16.0,0.0,,,0.0,,,insufficient,,,,,,,,,,,,,,,,,
S14-S19 directional,appendix_b_full.csv,AVAXUSDT,1h,S17 toxic-flow,8.0,0.0,,,0.0,,,insufficient,,,,,,,,,,,,,,,,,
S14-S19 directional,appendix_b_full.csv,AVAXUSDT,1h,S17 toxic-flow,16.0,0.0,,,0.0,,,insufficient,,,,,,,,,,,,,,,,,
S14-S19 directional,appendix_b_full.csv,LINKUSDT,1h,S17 toxic-flow,8.0,0.0,,,0.0,,,insufficient,,,,,,,,,,,,,,,,,
S14-S19 directional,appendix_b_full.csv,LINKUSDT,1h,S17 toxic-flow,16.0,0.0,,,0.0,,,insufficient,,,,,,,,,,,,,,,,,
S14-S19 directional,appendix_b_full.csv,NEARUSDT,1h,S17 toxic-flow,8.0,0.0,,,0.0,,,insufficient,,,,,,,,,,,,,,,,,
S14-S19 directional,appendix_b_full.csv,NEARUSDT,1h,S17 toxic-flow,16.0,0.0,,,0.0,,,insufficient,,,,,,,,,,,,,,,,,
S14-S19 directional,appendix_b_full.csv,APTUSDT,1h,S17 toxic-flow,8.0,0.0,,,0.0,,,insufficient,,,,,,,,,,,,,,,,,
S14-S19 directional,appendix_b_full.csv,APTUSDT,1h,S17 toxic-flow,16.0,0.0,,,0.0,,,insufficient,,,,,,,,,,,,,,,,,
S14-S19 directional,appendix_b_full.csv,ARBUSDT,1h,S17 toxic-flow,8.0,0.0,,,0.0,,,insufficient,,,,,,,,,,,,,,,,,
S14-S19 directional,appendix_b_full.csv,ARBUSDT,1h,S17 toxic-flow,16.0,0.0,,,0.0,,,insufficient,,,,,,,,,,,,,,,,,
S14-S19 directional,appendix_b_full.csv,OPUSDT,1h,S17 toxic-flow,8.0,0.0,,,0.0,,,insufficient,,,,,,,,,,,,,,,,,
S14-S19 directional,appendix_b_full.csv,OPUSDT,1h,S17 toxic-flow,16.0,0.0,,,0.0,,,insufficient,,,,,,,,,,,,,,,,,
S14-S19 directional,appendix_b_full.csv,SUIUSDT,1h,S17 toxic-flow,8.0,0.0,,,0.0,,,insufficient,,,,,,,,,,,,,,,,,
S14-S19 directional,appendix_b_full.csv,SUIUSDT,1h,S17 toxic-flow,16.0,0.0,,,0.0,,,insufficient,,,,,,,,,,,,,,,,,
S14-S19 directional,appendix_b_full.csv,ADAUSDT,1h,S17 toxic-flow,8.0,0.0,,,0.0,,,insufficient,,,,,,,,,,,,,,,,,
S14-S19 directional,appendix_b_full.csv,ADAUSDT,1h,S17 toxic-flow,16.0,0.0,,,0.0,,,insufficient,,,,,,,,,,,,,,,,,
S14-S19 directional,appendix_b_full.csv,XRPUSDT,1h,S17 toxic-flow,8.0,0.0,,,0.0,,,insufficient,,,,,,,,,,,,,,,,,
S14-S19 directional,appendix_b_full.csv,XRPUSDT,1h,S17 toxic-flow,16.0,0.0,,,0.0,,,insufficient,,,,,,,,,,,,,,,,,
S14-S19 directional,appendix_b_full.csv,DOTUSDT,1h,S17 toxic-flow,8.0,0.0,,,0.0,,,insufficient,,,,,,,,,,,,,,,,,
S14-S19 directional,appendix_b_full.csv,DOTUSDT,1h,S17 toxic-flow,16.0,0.0,,,0.0,,,insufficient,,,,,,,,,,,,,,,,,
S14-S19 directional,appendix_b_full.csv,ETHUSDT,1h,S18 fvg-fill,8.0,70.0,,45.7143,51.0,,50.9804,insufficient,-0.2313,0.3366,0.1005,11.4211,,,,,,,,,,,,,
S14-S19 directional,appendix_b_full.csv,ETHUSDT,1h,S18 fvg-fill,16.0,67.0,,32.8358,46.0,,58.6957,insufficient,-0.5923,0.6133,0.137,17.6412,,,,,,,,,,,,,
S14-S19 directional,appendix_b_full.csv,SOLUSDT,1h,S18 fvg-fill,8.0,73.0,,36.9863,48.0,,41.6667,insufficient,-0.3005,-0.4014,-0.5984,26.4842,,,,,,,,,,,,,
S14-S19 directional,appendix_b_full.csv,SOLUSDT,1h,S18 fvg-fill,16.0,66.0,,51.5152,45.0,,42.2222,insufficient,-0.2223,-0.6671,-0.6466,34.3617,,,,,,,,,,,,,
S14-S19 directional,appendix_b_full.csv,DOGEUSDT,1h,S18 fvg-fill,8.0,67.0,,46.2687,44.0,,31.8182,insufficient,-0.4386,-0.6887,-0.7771,29.3653,,,,,,,,,,,,,
S14-S19 directional,appendix_b_full.csv,DOGEUSDT,1h,S18 fvg-fill,16.0,60.0,,46.6667,41.0,,51.2195,insufficient,-0.43,-0.2645,0.0022,23.2116,,,,,,,,,,,,,
S14-S19 directional,appendix_b_full.csv,AVAXUSDT,1h,S18 fvg-fill,8.0,85.0,,45.8824,56.0,,41.0714,insufficient,0.459,-0.5859,-0.4893,40.6255,,,,,,,,,,,,,
S14-S19 directional,appendix_b_full.csv,AVAXUSDT,1h,S18 fvg-fill,16.0,74.0,,45.9459,49.0,,42.8571,insufficient,-0.0824,-0.5474,-0.4162,25.9236,,,,,,,,,,,,,
S14-S19 directional,appendix_b_full.csv,LINKUSDT,1h,S18 fvg-fill,8.0,85.0,,51.7647,46.0,,36.9565,insufficient,-0.041,-0.4486,-0.5877,35.9688,,,,,,,,,,,,,
S14-S19 directional,appendix_b_full.csv,LINKUSDT,1h,S18 fvg-fill,16.0,75.0,,49.3333,42.0,,38.0952,insufficient,-0.1094,-0.6362,-1.4408,46.3764,,,,,,,,,,,,,
S14-S19 directional,appendix_b_full.csv,NEARUSDT,1h,S18 fvg-fill,8.0,72.0,,44.4444,66.0,,39.3939,insufficient,0.1262,-0.2109,-1.0404,31.9395,,,,,,,,,,,,,
S14-S19 directional,appendix_b_full.csv,NEARUSDT,1h,S18 fvg-fill,16.0,63.0,,52.381,57.0,,43.8596,insufficient,-0.0194,-0.4038,-0.9742,43.1152,,,,,,,,,,,,,
S14-S19 directional,appendix_b_full.csv,APTUSDT,1h,S18 fvg-fill,8.0,64.0,,34.375,80.0,,45.0,insufficient,-0.3084,-0.0612,-0.1906,20.6102,,,,,,,,,,,,,
S14-S19 directional,appendix_b_full.csv,APTUSDT,1h,S18 fvg-fill,16.0,57.0,,43.8596,71.0,,49.2958,insufficient,-0.3191,0.3844,-0.0111,34.682,,,,,,,,,,,,,
S14-S19 directional,appendix_b_full.csv,ARBUSDT,1h,S18 fvg-fill,8.0,85.0,,55.2941,65.0,,50.7692,insufficient,0.2838,-0.0318,0.0779,30.4464,,,,,,,,,,,,,
S14-S19 directional,appendix_b_full.csv,ARBUSDT,1h,S18 fvg-fill,16.0,75.0,,50.6667,57.0,,43.8596,insufficient,-0.596,-0.3156,-0.8187,39.4445,,,,,,,,,,,,,
S14-S19 directional,appendix_b_full.csv,OPUSDT,1h,S18 fvg-fill,8.0,82.0,,46.3415,62.0,,45.1613,insufficient,0.127,-0.2343,-0.2213,20.2988,,,,,,,,,,,,,
S14-S19 directional,appendix_b_full.csv,OPUSDT,1h,S18 fvg-fill,16.0,72.0,,43.0556,58.0,,44.8276,insufficient,-0.795,-0.6807,-0.3296,40.9622,,,,,,,,,,,,,
S14-S19 directional,appendix_b_full.csv,SUIUSDT,1h,S18 fvg-fill,8.0,77.0,,46.7532,54.0,,46.2963,insufficient,-0.0475,-0.1686,-0.4727,18.9442,,,,,,,,,,,,,
S14-S19 directional,appendix_b_full.csv,SUIUSDT,1h,S18 fvg-fill,16.0,68.0,,44.1176,52.0,,46.1538,insufficient,-0.7493,-0.2794,-0.307,38.6954,,,,,,,,,,,,,
S14-S19 directional,appendix_b_full.csv,ADAUSDT,1h,S18 fvg-fill,8.0,68.0,,42.6471,49.0,,55.102,insufficient,0.759,0.0388,0.1019,19.5869,,,,,,,,,,,,,
S14-S19 directional,appendix_b_full.csv,ADAUSDT,1h,S18 fvg-fill,16.0,58.0,,48.2759,42.0,,45.2381,insufficient,0.3466,0.0739,-0.461,26.2523,,,,,,,,,,,,,
S14-S19 directional,appendix_b_full.csv,XRPUSDT,1h,S18 fvg-fill,8.0,78.0,,51.2821,56.0,,48.2143,insufficient,0.3549,-0.3008,-0.0458,30.0115,,,,,,,,,,,,,
S14-S19 directional,appendix_b_full.csv,XRPUSDT,1h,S18 fvg-fill,16.0,72.0,,54.1667,50.0,,46.0,insufficient,0.2789,-0.449,-0.4961,27.9314,,,,,,,,,,,,,
S14-S19 directional,appendix_b_full.csv,DOTUSDT,1h,S18 fvg-fill,8.0,77.0,,36.3636,74.0,,48.6486,insufficient,-0.6235,-0.0017,-0.2353,20.0247,,,,,,,,,,,,,
S14-S19 directional,appendix_b_full.csv,DOTUSDT,1h,S18 fvg-fill,16.0,70.0,,45.7143,63.0,,42.8571,insufficient,-0.752,0.4572,-0.3407,35.6974,,,,,,,,,,,,,
S14-S19 directional,appendix_b_full.csv,ETHUSDT,1h,S19 liq-cascade,8.0,19.0,,52.6316,25.0,,44.0,insufficient,0.262,-0.1433,-0.108,16.7493,,,,,,,,,,,,,
S14-S19 directional,appendix_b_full.csv,ETHUSDT,1h,S19 liq-cascade,16.0,19.0,,42.1053,22.0,,54.5455,insufficient,0.276,0.0609,0.2414,13.0016,,,,,,,,,,,,,
S14-S19 directional,appendix_b_full.csv,SOLUSDT,1h,S19 liq-cascade,8.0,17.0,,35.2941,26.0,,42.3077,insufficient,-0.7837,-0.1252,-0.1262,14.9782,,,,,,,,,,,,,
S14-S19 directional,appendix_b_full.csv,SOLUSDT,1h,S19 liq-cascade,16.0,16.0,,31.25,25.0,,60.0,insufficient,-1.3205,0.8555,1.0192,10.996,,,,,,,,,,,,,
S14-S19 directional,appendix_b_full.csv,DOGEUSDT,1h,S19 liq-cascade,8.0,9.0,,55.5556,14.0,,78.5714,insufficient,0.2713,1.5747,1.3666,2.1275,,,,,,,,,,,,,
S14-S19 directional,appendix_b_full.csv,DOGEUSDT,1h,S19 liq-cascade,16.0,9.0,,33.3333,12.0,,66.6667,insufficient,-0.5116,1.6624,1.4868,2.4721,,,,,,,,,,,,,
S14-S19 directional,appendix_b_full.csv,AVAXUSDT,1h,S19 liq-cascade,8.0,17.0,,35.2941,23.0,,60.8696,insufficient,-1.0962,-0.3273,0.1984,13.0482,,,,,,,,,,,,,
S14-S19 directional,appendix_b_full.csv,AVAXUSDT,1h,S19 liq-cascade,16.0,16.0,,50.0,21.0,,61.9048,insufficient,-0.9188,-0.6436,0.2911,18.6975,,,,,,,,,,,,,
S14-S19 directional,appendix_b_full.csv,LINKUSDT,1h,S19 liq-cascade,8.0,18.0,,55.5556,14.0,,50.0,insufficient,0.0806,-0.1199,0.0096,8.3641,,,,,,,,,,,,,
S14-S19 directional,appendix_b_full.csv,LINKUSDT,1h,S19 liq-cascade,16.0,17.0,,58.8235,13.0,,53.8462,insufficient,0.1766,0.6936,0.8245,5.9606,,,,,,,,,,,,,
S14-S19 directional,appendix_b_full.csv,NEARUSDT,1h,S19 liq-cascade,8.0,20.0,,40.0,40.0,,55.0,insufficient,-0.6488,-0.1899,0.1638,17.4411,,,,,,,,,,,,,
S14-S19 directional,appendix_b_full.csv,NEARUSDT,1h,S19 liq-cascade,16.0,19.0,,42.1053,36.0,,58.3333,insufficient,-0.6033,-0.2015,0.4126,34.2679,,,,,,,,,,,,,
S14-S19 directional,appendix_b_full.csv,APTUSDT,1h,S19 liq-cascade,8.0,21.0,,47.619,46.0,,56.5217,insufficient,-0.5535,0.1377,0.1412,19.568,,,,,,,,,,,,,
S14-S19 directional,appendix_b_full.csv,APTUSDT,1h,S19 liq-cascade,16.0,21.0,,42.8571,44.0,,45.4545,insufficient,-1.5018,0.373,-0.1374,15.6652,,,,,,,,,,,,,
S14-S19 directional,appendix_b_full.csv,ARBUSDT,1h,S19 liq-cascade,8.0,18.0,,44.4444,20.0,,50.0,insufficient,-0.2883,0.4968,-0.0272,4.4939,,,,,,,,,,,,,
S14-S19 directional,appendix_b_full.csv,ARBUSDT,1h,S19 liq-cascade,16.0,17.0,,47.0588,20.0,,65.0,insufficient,-0.1517,0.7709,1.0427,6.1831,,,,,,,,,,,,,
S14-S19 directional,appendix_b_full.csv,OPUSDT,1h,S19 liq-cascade,8.0,22.0,,40.9091,36.0,,47.2222,insufficient,-1.7103,0.0051,-0.0734,28.8166,,,,,,,,,,,,,
S14-S19 directional,appendix_b_full.csv,OPUSDT,1h,S19 liq-cascade,16.0,21.0,,42.8571,36.0,,52.7778,insufficient,-2.0513,0.3597,0.3057,21.5277,,,,,,,,,,,,,
S14-S19 directional,appendix_b_full.csv,SUIUSDT,1h,S19 liq-cascade,8.0,17.0,,52.9412,10.0,,70.0,insufficient,-1.0368,0.0086,0.4482,7.8108,,,,,,,,,,,,,
S14-S19 directional,appendix_b_full.csv,SUIUSDT,1h,S19 liq-cascade,16.0,17.0,,29.4118,10.0,,40.0,insufficient,-2.1882,-0.0208,-0.2368,4.4074,,,,,,,,,,,,,
S14-S19 directional,appendix_b_full.csv,ADAUSDT,1h,S19 liq-cascade,8.0,18.0,,44.4444,20.0,,65.0,insufficient,0.2129,0.3004,0.45,2.7995,,,,,,,,,,,,,
S14-S19 directional,appendix_b_full.csv,ADAUSDT,1h,S19 liq-cascade,16.0,18.0,,50.0,19.0,,47.3684,insufficient,-0.1477,0.3244,-0.11,6.1613,,,,,,,,,,,,,
S14-S19 directional,appendix_b_full.csv,XRPUSDT,1h,S19 liq-cascade,8.0,16.0,,37.5,9.0,,33.3333,insufficient,-0.124,-0.5095,-0.5487,4.4334,,,,,,,,,,,,,
S14-S19 directional,appendix_b_full.csv,XRPUSDT,1h,S19 liq-cascade,16.0,16.0,,50.0,9.0,,44.4444,insufficient,-0.909,-0.3115,-0.3799,5.2692,,,,,,,,,,,,,
S14-S19 directional,appendix_b_full.csv,DOTUSDT,1h,S19 liq-cascade,8.0,24.0,,37.5,32.0,,50.0,insufficient,-0.736,0.8917,-0.1747,12.5982,,,,,,,,,,,,,
S14-S19 directional,appendix_b_full.csv,DOTUSDT,1h,S19 liq-cascade,16.0,23.0,,30.4348,31.0,,48.3871,insufficient,-1.4034,0.8854,-0.0272,11.5011,,,,,,,,,,,,,
S21-S23 structural,appendix_c_full.csv,,1h,S22 cointegration,,4.0,6.4485,,0.0,,,insufficient,,,,,DOG/AVA,tl=7d,0.0123,,,,,,,,,,
S21-S23 structural,appendix_c_full.csv,,1h,S22 cointegration,,2.0,3.2709,,27.0,0.1129,48.1481,insufficient,,,,,DOG/ADA,tl=7d,0.0455,,,,,,,,,,
S21-S23 structural,appendix_c_full.csv,,1h,S22 cointegration,,4.0,7.3291,,2.0,13.217,100.0,insufficient,,,,,AVA/ADA,tl=7d,0.0126,,,,,,,,,,
S21-S23 structural,appendix_c_full.csv,,1h,S22 cointegration,,2.0,12.9721,,0.0,,,insufficient,,,,,AVA/XRP,tl=7d,0.0375,,,,,,,,,,
S21-S23 structural,appendix_c_full.csv,,1h,S22 cointegration,,3.0,8.6583,,11.0,-6.5437,27.2727,insufficient,,,,,NEA/OPU,tl=7d,0.0356,,,,,,,,,,
S21-S23 structural,appendix_c_full.csv,,1h,S22 cointegration,,1.0,9.153,,8.0,-9.3664,50.0,insufficient,,,,,NEA/ADA,tl=7d,0.0476,,,,,,,,,,
S21-S23 structural,appendix_c_full.csv,,1h,S22 cointegration,,3.0,12.5864,,0.0,,,insufficient,,,,,NEA/XRP,tl=7d,0.0208,,,,,,,,,,
S21-S23 structural,appendix_c_full.csv,,1h,S22 cointegration,,3.0,4.241,,39.0,-3.6543,33.3333,dead,,,,,NEA/DOT,tl=7d,0.0302,,,,,,,,,,
S21-S23 structural,appendix_c_full.csv,,1h,S22 cointegration,,1.0,14.4834,,34.0,-1.3621,47.0588,dead,,,,,APT/OPU,tl=7d,0.0065,,,,,,,,,,
S21-S23 structural,appendix_c_full.csv,,1h,S22 cointegration,,3.0,8.5933,,0.0,,,insufficient,,,,,APT/DOT,tl=7d,0.0202,,,,,,,,,,
S21-S23 structural,appendix_c_full.csv,,1h,S22 cointegration,,3.0,7.7088,,15.0,0.6403,73.3333,insufficient,,,,,ARB/ADA,tl=7d,0.0037,,,,,,,,,,
S21-S23 structural,appendix_c_full.csv,,1h,S22 cointegration,,3.0,14.6222,,0.0,,,insufficient,,,,,ARB/XRP,tl=7d,0.0231,,,,,,,,,,
S21-S23 structural,appendix_c_full.csv,,1h,S22 cointegration,,3.0,14.722,,0.0,,,insufficient,,,,,OPU/XRP,tl=7d,0.0328,,,,,,,,,,
S21-S23 structural,appendix_c_full.csv,,1h,S22 cointegration,,2.0,2.5581,,32.0,0.0362,50.0,marginal,,,,,OPU/DOT,tl=7d,0.0241,,,,,,,,,,
S21-S23 structural,appendix_c_full.csv,,1h,S22 cointegration,,4.0,11.7753,,33.0,-0.6826,42.4242,dead,,,,,ADA/XRP,tl=7d,0.0375,,,,,,,,,,
S21-S23 structural,appendix_c_full.csv,,1h,S22 cointegration,,3.0,9.5803,,0.0,,,insufficient,,,,,DOG/AVA,tl=14d,0.0123,,,,,,,,,,
S21-S23 structural,appendix_c_full.csv,,1h,S22 cointegration,,2.0,5.3692,,15.0,0.1367,33.3333,insufficient,,,,,DOG/ADA,tl=14d,0.0455,,,,,,,,,,
S21-S23 structural,appendix_c_full.csv,,1h,S22 cointegration,,4.0,13.0285,,2.0,14.7618,100.0,insufficient,,,,,AVA/ADA,tl=14d,0.0126,,,,,,,,,,
S21-S23 structural,appendix_c_full.csv,,1h,S22 cointegration,,1.0,25.8307,,0.0,,,insufficient,,,,,AVA/XRP,tl=14d,0.0375,,,,,,,,,,
S21-S23 structural,appendix_c_full.csv,,1h,S22 cointegration,,3.0,13.2384,,6.0,-10.2272,50.0,insufficient,,,,,NEA/OPU,tl=14d,0.0356,,,,,,,,,,
S21-S23 structural,appendix_c_full.csv,,1h,S22 cointegration,,1.0,14.57,,4.0,-16.3465,50.0,insufficient,,,,,NEA/ADA,tl=14d,0.0476,,,,,,,,,,
S21-S23 structural,appendix_c_full.csv,,1h,S22 cointegration,,2.0,22.5109,,0.0,,,insufficient,,,,,NEA/XRP,tl=14d,0.0208,,,,,,,,,,
S21-S23 structural,appendix_c_full.csv,,1h,S22 cointegration,,3.0,7.2491,,20.0,-6.4782,35.0,insufficient,,,,,NEA/DOT,tl=14d,0.0302,,,,,,,,,,
S21-S23 structural,appendix_c_full.csv,,1h,S22 cointegration,,1.0,15.1244,,18.0,-1.6812,38.8889,insufficient,,,,,APT/OPU,tl=14d,0.0065,,,,,,,,,,
S21-S23 structural,appendix_c_full.csv,,1h,S22 cointegration,,3.0,10.8243,,0.0,,,insufficient,,,,,APT/DOT,tl=14d,0.0202,,,,,,,,,,
S21-S23 structural,appendix_c_full.csv,,1h,S22 cointegration,,2.0,11.6426,,9.0,2.497,66.6667,insufficient,,,,,ARB/ADA,tl=14d,0.0037,,,,,,,,,,
S21-S23 structural,appendix_c_full.csv,,1h,S22 cointegration,,2.0,27.6694,,0.0,,,insufficient,,,,,ARB/XRP,tl=14d,0.0231,,,,,,,,,,
S21-S23 structural,appendix_c_full.csv,,1h,S22 cointegration,,2.0,27.8839,,0.0,,,insufficient,,,,,OPU/XRP,tl=14d,0.0328,,,,,,,,,,
S21-S23 structural,appendix_c_full.csv,,1h,S22 cointegration,,1.0,5.5008,,16.0,-0.06,37.5,insufficient,,,,,OPU/DOT,tl=14d,0.0241,,,,,,,,,,
S21-S23 structural,appendix_c_full.csv,,1h,S22 cointegration,,3.0,15.1358,,17.0,-1.3936,35.2941,insufficient,,,,,ADA/XRP,tl=14d,0.0375,,,,,,,,,,
S21-S23 structural,appendix_c_full.csv,,15m,S23 weekend-vacuum,,1.0,-0.6914,,2.0,5.8641,100.0,insufficient,,,,,ETHUSD,MonExit,,,,,,,,,,,
S21-S23 structural,appendix_c_full.csv,,15m,S23 weekend-vacuum,,7.0,-1.5498,,3.0,0.4972,66.6667,insufficient,,,,,SOLUSD,MonExit,,,,,,,,,,,
S21-S23 structural,appendix_c_full.csv,,15m,S23 weekend-vacuum,,6.0,0.6679,,5.0,1.9909,100.0,insufficient,,,,,DOGEUS,MonExit,,,,,,,,,,,
S21-S23 structural,appendix_c_full.csv,,15m,S23 weekend-vacuum,,9.0,-1.0629,,4.0,-1.5664,25.0,insufficient,,,,,AVAXUS,MonExit,,,,,,,,,,,
S21-S23 structural,appendix_c_full.csv,,15m,S23 weekend-vacuum,,8.0,-2.5953,,3.0,0.6902,66.6667,insufficient,,,,,LINKUS,MonExit,,,,,,,,,,,
S21-S23 structural,appendix_c_full.csv,,15m,S23 weekend-vacuum,,10.0,1.295,,5.0,2.6962,60.0,insufficient,,,,,NEARUS,MonExit,,,,,,,,,,,
S21-S23 structural,appendix_c_full.csv,,15m,S23 weekend-vacuum,,10.0,0.4792,,7.0,-0.8555,28.5714,insufficient,,,,,APTUSD,MonExit,,,,,,,,,,,
S21-S23 structural,appendix_c_full.csv,,15m,S23 weekend-vacuum,,10.0,-0.9224,,5.0,-1.8588,40.0,insufficient,,,,,ARBUSD,MonExit,,,,,,,,,,,
S21-S23 structural,appendix_c_full.csv,,15m,S23 weekend-vacuum,,9.0,-2.8364,,5.0,-0.5605,60.0,insufficient,,,,,OPUSDT,MonExit,,,,,,,,,,,
S21-S23 structural,appendix_c_full.csv,,15m,S23 weekend-vacuum,,8.0,-2.8413,,3.0,-2.6028,0.0,insufficient,,,,,SUIUSD,MonExit,,,,,,,,,,,
S21-S23 structural,appendix_c_full.csv,,15m,S23 weekend-vacuum,,6.0,-8.0647,,3.0,-1.3694,0.0,insufficient,,,,,ADAUSD,MonExit,,,,,,,,,,,
S21-S23 structural,appendix_c_full.csv,,15m,S23 weekend-vacuum,,3.0,2.2979,,9.0,0.5432,44.4444,insufficient,,,,,XRPUSD,MonExit,,,,,,,,,,,
S21-S23 structural,appendix_c_full.csv,,15m,S23 weekend-vacuum,,8.0,0.5326,,2.0,1.0185,50.0,insufficient,,,,,DOTUSD,MonExit,,,,,,,,,,,
S21-S23 structural,appendix_c_full.csv,,1h,S23 weekend-vacuum,,1.0,-10.452,,1.0,11.3979,100.0,insufficient,,,,,ETHUSD,MonExit,,,,,,,,,,,
S21-S23 structural,appendix_c_full.csv,,1h,S23 weekend-vacuum,,6.0,-1.4071,,0.0,,,insufficient,,,,,SOLUSD,MonExit,,,,,,,,,,,
S21-S23 structural,appendix_c_full.csv,,1h,S23 weekend-vacuum,,5.0,-1.4977,,4.0,0.7465,100.0,insufficient,,,,,DOGEUS,MonExit,,,,,,,,,,,
S21-S23 structural,appendix_c_full.csv,,1h,S23 weekend-vacuum,,4.0,1.9706,,1.0,3.5052,100.0,insufficient,,,,,AVAXUS,MonExit,,,,,,,,,,,
S21-S23 structural,appendix_c_full.csv,,1h,S23 weekend-vacuum,,8.0,-0.3915,,3.0,1.2332,66.6667,insufficient,,,,,LINKUS,MonExit,,,,,,,,,,,
S21-S23 structural,appendix_c_full.csv,,1h,S23 weekend-vacuum,,10.0,-0.433,,7.0,1.9572,71.4286,insufficient,,,,,NEARUS,MonExit,,,,,,,,,,,
S21-S23 structural,appendix_c_full.csv,,1h,S23 weekend-vacuum,,9.0,2.34,,8.0,1.5883,62.5,insufficient,,,,,APTUSD,MonExit,,,,,,,,,,,
S21-S23 structural,appendix_c_full.csv,,1h,S23 weekend-vacuum,,6.0,-0.6497,,3.0,4.7196,66.6667,insufficient,,,,,ARBUSD,MonExit,,,,,,,,,,,
S21-S23 structural,appendix_c_full.csv,,1h,S23 weekend-vacuum,,10.0,-0.7686,,6.0,1.2839,83.3333,insufficient,,,,,OPUSDT,MonExit,,,,,,,,,,,
S21-S23 structural,appendix_c_full.csv,,1h,S23 weekend-vacuum,,3.0,-4.3287,,1.0,-4.7334,0.0,insufficient,,,,,SUIUSD,MonExit,,,,,,,,,,,
S21-S23 structural,appendix_c_full.csv,,1h,S23 weekend-vacuum,,7.0,-7.4075,,1.0,0.645,100.0,insufficient,,,,,ADAUSD,MonExit,,,,,,,,,,,
S21-S23 structural,appendix_c_full.csv,,1h,S23 weekend-vacuum,,3.0,2.9394,,6.0,0.8329,66.6667,insufficient,,,,,XRPUSD,MonExit,,,,,,,,,,,
S21-S23 structural,appendix_c_full.csv,,1h,S23 weekend-vacuum,,9.0,-0.3075,,5.0,-0.3116,60.0,insufficient,,,,,DOTUSD,MonExit,,,,,,,,,,,
S21-S23 structural,appendix_c_full.csv,,1h,S21 CONTROL,,3.0,-1.0118,,4.0,-2.0307,25.0,insufficient,,,,,ETHUSD,H=16,,,,,,,,,,,
S21-S23 structural,appendix_c_full.csv,,1h,S21 CONTROL,,3.0,0.9879,,2.0,0.4416,50.0,insufficient,,,,,SOLUSD,H=16,,,,,,,,,,,
S21-S23 structural,appendix_c_full.csv,,1h,S21 CONTROL,,0.0,,,11.0,0.6927,45.4545,insufficient,,,,,DOGEUS,H=16,,,,,,,,,,,
S21-S23 structural,appendix_c_full.csv,,1h,S21 CONTROL,,3.0,0.4667,,10.0,-1.2858,50.0,insufficient,,,,,AVAXUS,H=16,,,,,,,,,,,
S21-S23 structural,appendix_c_full.csv,,1h,S21 CONTROL,,5.0,-0.703,,2.0,-0.6691,0.0,insufficient,,,,,LINKUS,H=16,,,,,,,,,,,
S21-S23 structural,appendix_c_full.csv,,1h,S21 CONTROL,,6.0,3.1168,,6.0,5.4232,83.3333,insufficient,,,,,NEARUS,H=16,,,,,,,,,,,
S21-S23 structural,appendix_c_full.csv,,1h,S21 CONTROL,,6.0,2.5478,,17.0,-1.1617,41.1765,insufficient,,,,,APTUSD,H=16,,,,,,,,,,,
S21-S23 structural,appendix_c_full.csv,,1h,S21 CONTROL,,2.0,0.0954,,6.0,0.9035,66.6667,insufficient,,,,,ARBUSD,H=16,,,,,,,,,,,
S21-S23 structural,appendix_c_full.csv,,1h,S21 CONTROL,,4.0,1.2649,,9.0,-3.7955,22.2222,insufficient,,,,,OPUSDT,H=16,,,,,,,,,,,
S21-S23 structural,appendix_c_full.csv,,1h,S21 CONTROL,,4.0,-4.3858,,1.0,-2.9051,0.0,insufficient,,,,,SUIUSD,H=16,,,,,,,,,,,
S21-S23 structural,appendix_c_full.csv,,1h,S21 CONTROL,,4.0,1.6818,,8.0,-0.2741,50.0,insufficient,,,,,ADAUSD,H=16,,,,,,,,,,,
S21-S23 structural,appendix_c_full.csv,,1h,S21 CONTROL,,2.0,1.0743,,10.0,0.328,70.0,insufficient,,,,,XRPUSD,H=16,,,,,,,,,,,
S21-S23 structural,appendix_c_full.csv,,1h,S21 CONTROL,,2.0,3.4526,,16.0,-1.9443,25.0,insufficient,,,,,DOTUSD,H=16,,,,,,,,,,,
S20 structural,s20_summary.csv,,,,,,,,,,,,,,,,,,,momentum_k1,IN,275.0,0.0795,0.097,-0.0175,-4.8145,45.0909,-6.3901,39.5576
S20 structural,s20_summary.csv,,,,,,,,,,,,,,,,,,,momentum_k1,OUT,274.0,0.0971,0.0961,0.0009,0.2563,44.5255,0.3414,60.0937
S20 structural,s20_summary.csv,,,,,,,,,,,,,,,,,,,momentum_k2,IN,275.0,0.0488,0.0897,-0.0409,-11.2448,44.3636,-14.925,25.6071
S20 structural,s20_summary.csv,,,,,,,,,,,,,,,,,,,momentum_k2,OUT,274.0,0.1243,0.0893,0.035,9.5942,48.1752,12.7806,28.1216
S20 structural,s20_summary.csv,,,,,,,,,,,,,,,,,,,flow_z_k1,IN,270.0,0.1327,0.101,0.0317,8.5466,48.5185,11.5537,41.012
S20 structural,s20_summary.csv,,,,,,,,,,,,,,,,,,,flow_z_k1,OUT,274.0,-0.0548,0.1,-0.1547,-42.3957,41.9708,-56.476,48.572
S20 structural,s20_summary.csv,,,,,,,,,,,,,,,,,,,flow_z_k2,IN,270.0,0.0395,0.0927,-0.0532,-14.36,48.1481,-19.4125,38.7271
S20 structural,s20_summary.csv,,,,,,,,,,,,,,,,,,,flow_z_k2,OUT,274.0,0.0008,0.0915,-0.0907,-24.8582,44.5255,-33.1141,26.6108
